sample_id,u238_pb206_ratio_tw,u238_pb206_ratio_tw_1sigma_abs,pb207_pb206_ratio_tw,pb207_pb206_ratio_tw_1sigma_abs
5A,1.686375454,0.015833016,0.222967776,0.0011466
5A,1.684810432,0.020173381,0.223277191,0.001464309
5A,1.694332073,0.025001943,0.221409356,0.0017895
5A,1.686997144,0.021695868,0.222845129,0.001569735
5A,1.68750581,0.016037818,0.22274489,0.001159494
5A,1.684358126,0.024031832,0.223366793,0.001745548
5A,1.687214482,0.022317825,0.222802287,0.001614217
5A,1.685803598,0.012259817,0.223080725,0.000888586
5A,1.686150479,0.009506807,0.223012196,0.000688696
5A,1.684361449,0.019061319,0.223366135,0.001384508
5A,1.688097151,0.014425229,0.222628486,0.001041997
5A,1.683155447,0.023448394,0.223605434,0.001706208
5A,1.688954408,0.011732131,0.222459977,0.000846392
5A,1.685576057,0.009166226,0.223125703,0.000664588
5A,1.685995982,0.019946158,0.223042712,0.001445278
5A,1.679940956,0.024653297,0.224246061,0.001802463
5A,1.689250042,0.014704241,0.222401931,0.001060347
5A,1.685282328,0.011619539,0.223183794,0.000842829
5A,1.687847588,0.016468412,0.222677595,0.001190024
5A,1.690350804,0.01977396,0.222186099,0.001423621
5A,1.684835683,0.022453438,0.223272192,0.001629748
5A,1.691574475,0.013741787,0.221946715,0.000987555
5A,1.689790222,0.022047781,0.222295957,0.001588636
5A,1.687036362,0.013299382,0.222837397,0.000962179
5A,1.684386074,0.010775902,0.223361255,0.000782673
5A,1.685061449,0.008549366,0.223227499,0.000620335
5A,1.686430262,0.019644397,0.222956957,0.001422499
5A,1.692584814,0.021677425,0.221749498,0.001555538
5A,1.689102522,0.018052134,0.222430892,0.001302052
5A,1.688414949,0.010375818,0.222565984,0.000749139
5A,1.690496666,0.016416349,0.222157534,0.001181637
5A,1.693382986,0.021421275,0.221593972,0.001535355
5A,1.686874402,0.017772561,0.222869331,0.00128611
5A,1.684948059,0.013546142,0.223249943,0.000983062
5A,1.688674044,0.015818103,0.222515056,0.001141639
5A,1.684433254,0.015303559,0.223351905,0.001111447
5A,1.691943543,0.012417842,0.221874628,0.000891925
5A,1.690685846,0.013210747,0.222120498,0.000950635
5A,1.686945865,0.019600903,0.222855239,0.001418268
5A,1.68895062,0.021684407,0.222460721,0.001564388
5A,3.10212624,0.027456044,0.136982223,0.000676239
5A,3.225736876,0.057885221,0.12948751,0.001296058
5A,2.637552514,0.023249363,0.16515008,0.000811982
5A,1.938744516,0.042725365,0.207519939,0.002550837
5A,3.345824713,0.070392926,0.122206391,0.001434094
5A,2.65803868,0.054088999,0.16390797,0.001860396
5A,3.302741276,0.056964687,0.124818609,0.001200793
5A,1.867273925,0.018052548,0.211853316,0.001142414
5A,1.907647043,0.02423293,0.209405429,0.001483726
5A,2.94582246,0.025749287,0.146459174,0.000714057
5A,2.723803095,0.03133636,0.159920567,0.001026207
5A,2.393534793,0.050126391,0.179945269,0.002101962
5A,1.986112181,0.036554234,0.204647961,0.00210087
5A,3.324309135,0.052599835,0.123510915,0.001090049
5A,2.477339029,0.029390574,0.174864082,0.001157127
5A,2.784279355,0.039053572,0.156253794,0.001222465
5A,2.360228967,0.044140634,0.181964655,0.001898144
5A,2.246365801,0.022012733,0.188868363,0.001032311
5A,2.069205008,0.045682659,0.199609908,0.002458033
5A,2.753793041,0.048645424,0.158102228,0.001557781
5A,1.946893403,0.038084872,0.207025858,0.002258877
5A,3.210931872,0.04761414,0.130385162,0.001078427
5A,3.099039845,0.049051512,0.137169356,0.001210989
5A,3.037519467,0.049938759,0.140899436,0.001292069
5A,3.674353151,0.033573152,0.10228718,0.000521303
5A,3.453744718,0.070857318,0.115663026,0.00132357
5A,2.97178505,0.042521647,0.14488502,0.001156309
5A,2.215229957,0.018825872,0.190756179,0.000904217
5A,2.953314535,0.062948591,0.146004918,0.001735807
5A,2.039952457,0.016994703,0.201383538,0.000935783
5A,2.059351993,0.025267974,0.200207312,0.00137018
5A,2.761853442,0.03104548,0.157613513,0.000988209
5A,2.903907147,0.02404269,0.149000567,0.000688091
5A,3.656930667,0.071421276,0.103343534,0.001125776
5A,3.347372112,0.05092472,0.122112569,0.001036198
5A,3.513677373,0.033719097,0.112029212,0.000599657
5A,2.705103519,0.033576917,0.161054353,0.001115032
5A,2.49552909,0.036718358,0.17376119,0.001426038
5A,2.386703684,0.036972031,0.18035945,0.001558373
5A,3.03526752,0.061952196,0.141035976,0.001605637
5A,1.968764445,0.042405409,0.205699782,0.002471264
5A,1.980061831,0.038466112,0.205014803,0.002221481
5A,2.906458037,0.043254775,0.148845903,0.001235562
5A,2.964302466,0.051483855,0.145338702,0.001407951
5A,2.578888113,0.048838937,0.168706997,0.001782069
5A,2.263560579,0.048761423,0.187825815,0.002256822
5A,2.619979077,0.050315447,0.166215586,0.001780463
5A,2.708281404,0.02512521,0.160861673,0.000832389
5A,3.498688709,0.026885814,0.112937999,0.000484078
5A,2.654933118,0.031935954,0.164096265,0.001100988
5A,3.643301694,0.042840224,0.10416988,0.000683214
5A,3.469648017,0.027531631,0.114698784,0.000507648
5A,2.200298705,0.038162059,0.191661485,0.001854141
5A,3.49629333,0.062834726,0.113083235,0.001133569
5A,3.471955665,0.034123057,0.114558867,0.000628001
5A,3.251848695,0.054218574,0.127904309,0.00118949
5A,1.882769886,0.032093931,0.210913771,0.002005342
5A,2.90642106,0.052305811,0.148848145,0.001494144
5A,3.070012019,0.044860646,0.13892936,0.001132341
5A,1.941324713,0.032351814,0.207363497,0.001927483
5A,3.038912196,0.037243734,0.140814993,0.000962591
5A,3.182385553,0.050081729,0.132115971,0.001159684
5A,2.606167243,0.054197967,0.167053019,0.001937728
5A,3.648871073,0.073199037,0.1038322,0.001161814
5A,2.739739084,0.032080075,0.158954343,0.001038141
5A,2.398988626,0.047758109,0.179614594,0.001994428
5A,3.511496472,0.045557419,0.112161444,0.000811649
5A,2.513369522,0.025023784,0.172679495,0.000958948
5A,2.040751342,0.045620639,0.2013351,0.002510432
5A,1.988980239,0.02785902,0.204474066,0.001597465
5A,2.686895264,0.02953646,0.162158349,0.000994271
5A,2.309397539,0.025761357,0.185046646,0.001151354
5A,5.262395817,0.082056072,0.104824204,0.000911689
5A,5.304650496,0.086502188,0.122057919,0.001110182
5A,4.032936212,0.068408614,0.112692157,0.001066205
5A,3.092949819,0.050963022,0.148067485,0.001360817
5A,3.365924073,0.063688293,0.150778861,0.001591305
5A,6.878768014,0.096999781,0.092071011,0.00072417
5A,5.956041033,0.048328534,0.110038853,0.000498023
5A,5.214250794,0.045740915,0.107861695,0.000527762
5A,7.130567608,0.065167929,0.100356524,0.00051158
5A,5.903489265,0.065044806,0.106554922,0.00065484
5A,3.25074727,0.068052844,0.129161228,0.001508179
5A,3.944253149,0.05306638,0.121588197,0.000912439
5A,3.965394502,0.089146631,0.136437257,0.00171084
5A,3.159004011,0.047238953,0.143224577,0.001194608
5A,2.935551452,0.037132926,0.151086652,0.001065991
5A,8.134821775,0.10071024,0.094738519,0.000654199
5A,5.073982164,0.062599672,0.103197761,0.000710152
5A,4.33621672,0.063498949,0.136584714,0.001115618
5A,6.145038976,0.055479946,0.093057307,0.000468619
5A,6.658568114,0.05404218,0.10147985,0.000459399
5A,3.055131747,0.040534161,0.146026752,0.001080641
5A,3.449451068,0.031669602,0.148307258,0.000759474
5A,3.517071242,0.070756635,0.115454726,0.001295554
5A,3.194284081,0.068535822,0.144197034,0.001725672
5A,3.919356222,0.029939557,0.143872461,0.000613008
5A,2.913850393,0.05898079,0.149436405,0.001687165
5A,5.75937382,0.122570448,0.126053186,0.001496312
5A,5.532491528,0.091347016,0.116598728,0.001073804
5A,3.355106405,0.033491734,0.144199743,0.000802885
5A,5.803866765,0.05604086,0.105584307,0.000568649
5A,3.587779887,0.058371681,0.123320432,0.001119101
5A,7.732407925,0.126954649,0.103645968,0.00094917
5A,5.37627557,0.060778621,0.122637985,0.000773307
5A,4.089773889,0.091002606,0.12302216,0.001526847
5A,3.086657484,0.064340901,0.139166632,0.001618049
5A,3.500851499,0.050926933,0.136444886,0.001107105
5A,5.341750818,0.085729798,0.108656585,0.000972662
5A,7.732859215,0.060680531,0.104010197,0.000455243
5A,4.553584688,0.07383565,0.102968322,0.000931267
5A,5.353698113,0.050681481,0.119530131,0.000631147
5A,3.89866574,0.080762969,0.140660272,0.00162527
5A,3.074744756,0.04526753,0.144680067,0.001188076
5A,5.014810347,0.103559153,0.101232045,0.00116603
5A,10.53331917,0.166357701,0.069035823,0.000608149
5A,5.754234233,0.116690101,0.124017379,0.001402771
5A,4.255266057,0.045115194,0.122764934,0.000725986
5A,3.93391158,0.053908432,0.108631446,0.00083032
5A,3.646042714,0.040733398,0.133081484,0.000829286
5B,1.68856552,0.024315664,0.222536385,0.001755213
5B,1.687027432,0.021549392,0.222839157,0.001559068
5B,1.68803132,0.016721772,0.222641438,0.001208004
5B,1.688043856,0.017497723,0.222638971,0.001264037
5B,1.688264018,0.01066569,0.222595663,0.00077024
5B,1.687425549,0.024505633,0.2227607,0.001771905
5B,1.683355948,0.024462622,0.223565611,0.001779478
5B,1.686358226,0.01778124,0.222971177,0.00128772
5B,1.691502682,0.012740138,0.221960744,0.000915668
5B,1.684144606,0.010424069,0.22340912,0.00075739
5B,1.686702663,0.013856819,0.222903205,0.001003002
5B,1.685721925,0.016267455,0.223096867,0.001179201
5B,1.686429419,0.017402031,0.222957124,0.001260125
5B,1.686266097,0.025101823,0.222989366,0.001818126
5B,1.686100824,0.020934875,0.223022003,0.001516684
5B,1.693526599,0.011056648,0.221566014,0.00079231
5B,1.68576841,0.014183837,0.223087679,0.001028092
5B,1.689954489,0.014236239,0.222263753,0.001025533
5B,1.689150639,0.018964242,0.222421445,0.001367743
5B,1.687453465,0.021829495,0.222755201,0.001578339
5B,1.681775078,0.023944833,0.223880034,0.001745902
5B,1.690978362,0.019260474,0.22206326,0.001385372
5B,1.687571977,0.025201668,0.222731859,0.001821839
5B,1.688346966,0.009489575,0.222579351,0.000685221
5B,1.684200467,0.010594127,0.223398044,0.000769682
5B,1.688441895,0.019117937,0.222560686,0.00138027
5B,1.6866622,0.023981848,0.222911188,0.001735989
5B,1.690969074,0.020734327,0.222065077,0.001491404
5B,1.683568383,0.019528573,0.223523434,0.001420115
5B,1.69244232,0.016463808,0.221777289,0.001181664
5B,1.685818135,0.014206619,0.223077852,0.001029668
5B,1.686639847,0.019870204,0.222915598,0.001438405
5B,1.686130681,0.009109384,0.223016106,0.000659925
5B,1.692397883,0.023566432,0.221785957,0.001691555
5B,1.688511693,0.019586663,0.222546965,0.001413965
5B,1.684389136,0.024382132,0.223360648,0.00177091
5B,1.681154353,0.020821277,0.22400376,0.001519552
5B,1.687832763,0.017921728,0.222680513,0.00129507
5B,1.684752994,0.016998048,0.223288565,0.001233928
5B,1.686986864,0.015508487,0.222847155,0.001122084
5B,3.06164416,0.02717471,0.139031545,0.000688306
5B,3.107248532,0.032524029,0.130294711,0.000760699
5B,3.335971556,0.038788302,0.122853153,0.000796751
5B,1.985912115,0.031042161,0.206803599,0.00180305
5B,3.178605649,0.039120268,0.132160838,0.000907247
5B,2.984408013,0.046760379,0.138995477,0.001214726
5B,2.730823061,0.05832524,0.157088405,0.001871392
5B,3.485140859,0.051263336,0.114478022,0.000939218
5B,2.666869967,0.043441767,0.164286933,0.001492679
5B,2.567637718,0.019546413,0.166262204,0.000705967
5B,2.405955791,0.022220355,0.178397153,0.000918986
5B,2.509873386,0.042153394,0.17890709,0.001675969
5B,3.681329518,0.042554263,0.104507765,0.000673821
5B,3.569303549,0.049443531,0.112234635,0.000867183
5B,2.863627335,0.064406783,0.148131116,0.001858314
5B,2.795296655,0.04030296,0.161976521,0.001302623
5B,2.595167921,0.051856129,0.171739772,0.001914094
5B,3.443047278,0.051194194,0.114915535,0.000953047
5B,3.589721445,0.055667965,0.105304766,0.000910857
5B,3.085263377,0.061232819,0.128144624,0.001418568
5B,2.832137678,0.032178123,0.159650199,0.001011751
5B,3.289116118,0.035482453,0.113521019,0.000683075
5B,2.131479332,0.021592307,0.193790308,0.001094984
5B,3.441493843,0.048975701,0.113594403,0.000901672
5B,2.524632478,0.027296248,0.165690246,0.000999216
5B,3.082852758,0.061435718,0.134047898,0.001489999
5B,3.198386758,0.036470468,0.121839113,0.000774916
5B,2.578082175,0.029803794,0.169673176,0.001094072
5B,2.792559116,0.020988908,0.158768512,0.000665594
5B,2.138030968,0.031106938,0.194458768,0.001578078
5B,2.700247266,0.028169783,0.170484178,0.000992023
5B,3.141614614,0.031862489,0.132991592,0.000752331
5B,1.97082734,0.025345912,0.201191541,0.001443201
5B,2.255640772,0.020295051,0.185060409,0.000928734
5B,1.906447874,0.035868049,0.215863315,0.002265267
5B,3.435547051,0.042460098,0.119792669,0.000825797
5B,2.727362132,0.025693904,0.154960653,0.000814266
5B,2.374764968,0.030587191,0.175915155,0.001263805
5B,2.56295818,0.03427285,0.161093084,0.001201554
5B,2.393909553,0.037862038,0.181991316,0.001605479
5B,2.374275693,0.043560141,0.178413472,0.001825759
5B,2.51987841,0.050150238,0.171956012,0.001908836
5B,3.666026497,0.04907809,0.109768047,0.000819645
5B,3.651820555,0.058210093,0.111732082,0.000993401
5B,3.356018655,0.038779221,0.124693696,0.000803669
5B,2.026811739,0.044496014,0.206163521,0.002524511
5B,2.711375606,0.035382816,0.167007296,0.001215615
5B,2.571136261,0.031000059,0.171055054,0.001150353
5B,3.548473835,0.035310421,0.116255474,0.000645257
5B,3.110097045,0.047689492,0.141222772,0.001207845
5B,2.143469107,0.046534279,0.190287609,0.00230422
5B,2.552514872,0.052508131,0.173606455,0.001991966
5B,3.034219054,0.067976049,0.138104364,0.001725735
5B,3.674083338,0.057034531,0.103666833,0.000897607
5B,3.635433466,0.08009327,0.109205598,0.001341969
5B,2.347215062,0.048140314,0.189617738,0.002169166
5B,3.187516694,0.029975499,0.123227552,0.000646368
5B,3.384935944,0.061174508,0.127272959,0.001282962
5B,2.714247239,0.024011041,0.161401117,0.00079639
5B,1.853751426,0.014881249,0.22033495,0.000986573
5B,2.014122922,0.043389553,0.201324367,0.002419097
5B,2.899710736,0.056569744,0.151908355,0.001652985
5B,2.995606647,0.032618964,0.138322438,0.000840109
5B,2.624701315,0.026882536,0.16524426,0.000944005
5B,2.371090634,0.043458776,0.185692075,0.001898368
5B,2.045434643,0.031281331,0.193052506,0.00164677
5B,2.766571481,0.038251976,0.163111454,0.001257923
5B,2.684500333,0.046234494,0.164843235,0.001583549
5B,3.359514303,0.042716576,0.121575266,0.00086223
5B,3.102913971,0.06107107,0.139765227,0.001534344
5B,2.75765392,0.026107613,0.149063859,0.00078715
5B,2.109586788,0.019325637,0.196361185,0.001003344
5B,3.65576759,0.066251148,0.111171569,0.001123741
5B,3.437139331,0.054147302,0.144717961,0.001271627
5B,3.446515856,0.068269814,0.117897456,0.001302599
5B,3.13632448,0.038287313,0.145318976,0.000989496
5B,3.147443564,0.067512822,0.145362398,0.001739154
5B,5.523846522,0.107006697,0.11434961,0.001235554
5B,3.089580892,0.048761127,0.138879175,0.001222557
5B,3.520444164,0.073395928,0.124436431,0.001447038
5B,3.353697594,0.040058222,0.136892462,0.000912021
5B,2.912738082,0.030230777,0.146991689,0.000850939
5B,4.02392933,0.044379296,0.133331785,0.000820203
5B,4.777232221,0.091138795,0.127705777,0.001358924
5B,4.023304924,0.042727382,0.134213143,0.000795017
5B,3.530024353,0.036826758,0.136136802,0.000792171
5B,4.554043949,0.061708735,0.128806743,0.000973522
5B,4.128896532,0.042447654,0.101244344,0.000580561
5B,3.845188829,0.043531095,0.129544849,0.000818012
5B,5.454411311,0.054157524,0.122419927,0.000677986
5B,4.105184694,0.033900779,0.129777685,0.000597771
5B,4.110612031,0.075740594,0.116752958,0.001199908
5B,5.845642194,0.064740943,0.117555656,0.000726186
5B,4.232855118,0.078510354,0.132437939,0.001370136
5B,3.662855332,0.081545339,0.124072289,0.001540678
5B,4.296980659,0.0505358,0.130865729,0.000858459
5B,4.711034578,0.078181704,0.102895716,0.000952454
5B,3.365853187,0.028031328,0.132701205,0.000616426
5B,3.164467978,0.064868848,0.133394271,0.001525213
5B,4.51224371,0.035681614,0.105403742,0.000464907
5B,5.717676167,0.097809932,0.094687225,0.000903468
5B,7.275687927,0.153105141,0.101623287,0.001192797
5B,3.700473189,0.082695755,0.107810426,0.00134383
5B,3.16456222,0.05404127,0.150292947,0.001431556
5B,4.649521783,0.053053632,0.117811699,0.000749813
5B,3.500865651,0.066430207,0.141955176,0.001502447
5B,3.444554085,0.054473156,0.145657306,0.001284812
5B,4.831174603,0.041601526,0.113621592,0.000545727
5B,3.210784365,0.060704134,0.13463176,0.001419752
5B,4.256657387,0.079015169,0.121369119,0.001256631
5B,3.704191484,0.052816759,0.150811388,0.001199417
5B,2.95198097,0.02356341,0.140079655,0.000623674
5B,3.671117234,0.050235124,0.126503274,0.000965537
5B,4.05412309,0.044024473,0.107052471,0.000648413
5B,3.167563088,0.054119108,0.14584583,0.001389879
5B,4.712285623,0.105010064,0.112050837,0.001392747
5B,8.152974057,0.122967576,0.084712681,0.000712657
5B,4.318990661,0.087493306,0.124528007,0.001407075
5B,3.633218661,0.062993083,0.130045233,0.001257632
5B,2.965870528,0.049228987,0.147700166,0.001367437
5C,1.685143203,0.015888398,0.22321132,0.00115271
5C,1.682490218,0.021918679,0.223737676,0.001596473
5C,1.68642757,0.008617926,0.222957489,0.000624048
5C,1.688182223,0.023700461,0.222611751,0.001711773
5C,1.688751708,0.010977554,0.222499796,0.000792191
5C,1.684384301,0.019538626,0.223361606,0.001419129
5C,1.689616376,0.018576095,0.22233005,0.001338829
5C,1.691197662,0.01681158,0.222020369,0.001208837
5C,1.684882787,0.016465229,0.223262865,0.00119502
5C,1.682445355,0.012187902,0.223746601,0.000887779
5C,1.68490024,0.01435893,0.22325941,0.001042121
5C,1.689054741,0.008756698,0.222440274,0.000631642
5C,1.694533415,0.019385622,0.221370235,0.001387105
5C,1.691194439,0.021590607,0.222020999,0.00155248
5C,1.69295267,0.020513606,0.22167779,0.001471228
5C,1.683849344,0.016417909,0.223467679,0.001193411
5C,1.691453452,0.012610902,0.221970365,0.000906446
5C,1.688384219,0.012216985,0.222572026,0.000882112
5C,1.692916661,0.015472079,0.221684807,0.00110971
5C,1.689030647,0.022369784,0.222445005,0.001613643
5C,1.689399202,0.011848573,0.222372657,0.000854232
5C,1.685328109,0.008727656,0.223174737,0.000633022
5C,1.685271357,0.02446894,0.223185964,0.001774896
5C,1.68733286,0.02131134,0.222778961,0.00154115
5C,1.689100633,0.023747103,0.222431263,0.001712819
5C,1.690195448,0.01775252,0.222216532,0.00127838
5C,1.68550742,0.022750797,0.223139274,0.001649691
5C,1.683268369,0.018764011,0.223583004,0.001365123
5C,1.68961587,0.018110012,0.22233015,0.001305238
5C,1.688563337,0.020934302,0.222536814,0.001511136
5C,1.691300974,0.020799294,0.22200017,0.001495346
5C,1.694227516,0.016475832,0.221429677,0.00117943
5C,1.687640546,0.013707257,0.222718356,0.000990803
5C,1.689499792,0.020833635,0.22235292,0.001501794
5C,1.684404323,0.011366485,0.223357638,0.000825546
5C,1.693511377,0.016324134,0.221568977,0.0011698
5C,1.690487334,0.020863088,0.222159362,0.00150173
5C,1.692206453,0.023006581,0.221823308,0.001651835
5C,1.687563829,0.022811175,0.222733463,0.001649049
5C,1.689831696,0.018903482,0.222287825,0.001361992
5C,3.113567944,0.036667979,0.135058421,0.000887172
5C,2.394543721,0.052188188,0.189180248,0.002299763
5C,3.067586823,0.030032755,0.136411409,0.000744915
5C,3.156561224,0.043293205,0.129741008,0.000992523
5C,2.795803319,0.048283593,0.140967529,0.001357906
5C,1.921978923,0.037775608,0.210133134,0.002303643
5C,2.489073852,0.031542711,0.1761268,0.001244929
5C,2.571236833,0.042478353,0.170344344,0.00156968
5C,3.318176877,0.073713539,0.118888032,0.001473139
5C,2.699574613,0.023919652,0.161065037,0.00079601
5C,2.594401675,0.039092908,0.169830386,0.001427361
5C,3.503499273,0.054167075,0.115401333,0.000995181
5C,3.144951406,0.040044383,0.143983516,0.001022582
5C,3.205340223,0.03432106,0.137405644,0.000820633
5C,3.593478521,0.03980495,0.11884871,0.000734301
5C,3.193653869,0.049497634,0.134245,0.00116052
5C,2.075925997,0.016801306,0.197507339,0.000891604
5C,2.485600836,0.026177638,0.176641763,0.001037648
5C,3.309434445,0.040437065,0.120446554,0.000820877
5C,3.337906907,0.063430691,0.130920454,0.001387684
5C,3.41290711,0.065020525,0.135137514,0.001436017
5C,3.5043227,0.049842827,0.116839139,0.000926925
5C,2.25695628,0.04718426,0.189548336,0.002210303
5C,2.600135212,0.039106527,0.16892151,0.001417085
5C,2.032421768,0.023069667,0.213565779,0.001352125
5C,2.053369195,0.018948061,0.197551256,0.001016799
5C,2.88061014,0.024522374,0.159871234,0.000759112
5C,2.778095285,0.058120333,0.146393597,0.001708287
5C,2.086315256,0.020538459,0.190909043,0.001048268
5C,1.922612139,0.017707811,0.221391889,0.001137346
5C,2.095530391,0.016934547,0.202995281,0.000915005
5C,3.100903649,0.058072846,0.129470481,0.001352426
5C,3.551989923,0.042457032,0.113878098,0.000759234
5C,3.019924408,0.039811722,0.140367376,0.001032141
5C,2.949201168,0.024716607,0.151542258,0.000708396
5C,2.609710456,0.041573047,0.184321361,0.00163777
5C,2.992036045,0.047402392,0.146684284,0.001296208
5C,2.169986356,0.027310047,0.183783007,0.001290115
5C,3.176316903,0.033341557,0.131010114,0.000767052
5C,2.321718066,0.027830149,0.195266197,0.001305542
5C,3.303745021,0.050632249,0.112650488,0.000962967
5C,2.616757555,0.034725032,0.160692865,0.001189415
5C,2.077512123,0.031047029,0.196917192,0.001641413
5C,3.648509279,0.04174239,0.112751342,0.000719517
5C,2.500914776,0.051327641,0.177459441,0.002031465
5C,2.483198548,0.045736081,0.18616204,0.001912478
5C,2.313070319,0.020433504,0.176519864,0.000869772
5C,3.400873304,0.067883333,0.121868574,0.00135682
5C,1.811346263,0.020739479,0.219431108,0.001401368
5C,2.600956013,0.031425295,0.181012195,0.001219865
5C,2.198169461,0.020897549,0.206382771,0.001094373
5C,3.155100908,0.025899451,0.132674125,0.000607465
5C,3.338817007,0.054696475,0.132125505,0.001207289
5C,3.276912082,0.037239685,0.11496271,0.000728712
5C,2.106421523,0.039592508,0.20410025,0.00213978
5C,3.574992495,0.044497148,0.110657201,0.000768236
5C,3.687122893,0.054594238,0.107434209,0.000887278
5C,1.926857113,0.018030865,0.21731306,0.001134255
5C,3.161132916,0.051503215,0.141481737,0.00128573
5C,2.380600116,0.033463907,0.188767924,0.001480049
5C,3.278487859,0.04826141,0.12921523,0.001060957
5C,2.900103151,0.050345818,0.155223157,0.001503018
5C,3.223557009,0.037384713,0.113843557,0.000736419
5C,2.786560785,0.030167502,0.170933348,0.00103218
5C,3.262461791,0.046306568,0.12212396,0.000966843
5C,3.508848745,0.033843236,0.10589796,0.000569708
5C,2.119181897,0.019255421,0.216031001,0.00109486
5C,2.397777997,0.021969189,0.169659746,0.000867045
5C,2.97396379,0.061724601,0.142270596,0.001647007
5C,2.790114953,0.022343706,0.180831754,0.000807729
5C,3.150122866,0.068059259,0.130867149,0.00157706
5C,2.141979744,0.045373729,0.194739774,0.00230092
5C,8.122734432,0.145051188,0.101622732,0.001012203
5C,6.723786609,0.101581972,0.114727081,0.000966777
5C,3.359348484,0.041303134,0.12900588,0.000884698
5C,3.996707888,0.031476485,0.147865903,0.000649546
5C,3.008430974,0.04981712,0.149438211,0.001380251
5C,3.068367997,0.057578328,0.134396281,0.001406684
5C,4.776423755,0.04132135,0.090805917,0.000438171
5C,2.963752604,0.056355505,0.154145223,0.001634866
5C,3.837804647,0.083040764,0.117980414,0.001423889
5C,4.559577011,0.076204129,0.101336546,0.000944665
5C,3.935176672,0.045518457,0.142181594,0.000917328
5C,3.688812525,0.040300437,0.144389112,0.000879864
5C,4.531331067,0.039587611,0.128214108,0.00062478
5C,6.553502189,0.130047948,0.119448542,0.001322113
5C,5.413581788,0.099832711,0.12564382,0.001292371
5C,5.96302274,0.085229797,0.08583291,0.000684284
5C,4.337053974,0.058165364,0.106023255,0.000793101
5C,4.356150836,0.072809697,0.117096969,0.001091666
5C,3.722751908,0.069558577,0.12466368,0.001299225
5C,6.602950519,0.073172445,0.123691358,0.000764551
5C,3.694951993,0.076200118,0.134821012,0.001550823
5C,3.017552136,0.04018764,0.155127039,0.001152346
5C,4.990824354,0.110196978,0.11091287,0.001365957
5C,3.056222023,0.023478245,0.140238127,0.000600903
5C,4.734773074,0.091242077,0.105580809,0.001134851
5C,4.009599114,0.046433876,0.15465539,0.00099898
5C,3.422701554,0.034653715,0.139441566,0.000787464
5C,4.328534041,0.047092113,0.112282925,0.000681363
5C,3.70145377,0.065191099,0.130483499,0.001281827
5C,5.779745151,0.081950902,0.124211904,0.00098235
5C,8.023413854,0.150931314,0.097553499,0.001023578
5C,4.442804266,0.075824677,0.118456794,0.001127642
5C,3.479391108,0.069719846,0.136592362,0.001526642
5C,6.282235252,0.111147054,0.11532617,0.001138071
5C,7.059853413,0.08776597,0.077301351,0.000536013
5C,3.426557926,0.054414132,0.118750312,0.001051831
5C,4.006053144,0.08748382,0.144510786,0.001760229
5C,5.288046196,0.075451056,0.116217159,0.000924907
5C,6.212225095,0.050846654,0.136857361,0.0006248
5C,4.088159146,0.034598634,0.126078647,0.000595156
5C,3.858200535,0.08331079,0.116648702,0.001404928
5C,4.421040616,0.040071221,0.124108256,0.000627432
5C,3.223164846,0.046304076,0.155303974,0.001244449
5C,2.864460181,0.021525988,0.15019954,0.000629574
5C,3.064521276,0.066256493,0.152094689,0.001834162
5C,2.918030371,0.025756233,0.177429895,0.000873529
5C,4.011830193,0.0900898,0.108686913,0.001361345
5C,5.734529211,0.055841485,0.106670159,0.000579375
6A,1.694018508,0.01987954,0.221470312,0.001423522
6A,1.677198846,0.010985404,0.224795779,0.000806455
6A,1.67245656,0.022651631,0.225753573,0.001674711
6A,1.684881496,0.020367893,0.223263121,0.001478272
6A,1.670955279,0.008479814,0.226058674,0.000628352
6A,1.686116246,0.019797438,0.223018957,0.001434247
6A,1.69687867,0.018492414,0.220915686,0.001318651
6A,1.680790003,0.018289455,0.224076455,0.001335501
6A,1.655657115,0.01982289,0.229220534,0.001503179
6A,1.700800315,0.012035495,0.220160246,0.000853317
6A,1.671433754,0.023097664,0.225961336,0.001710305
6A,1.681425834,0.016339953,0.223949628,0.001192021
6A,1.694620686,0.009928549,0.221353283,0.00071033
6A,1.707638341,0.008729221,0.218856744,0.000612774
6A,1.711386716,0.012364465,0.218149516,0.000863261
6A,1.693130829,0.011321033,0.221643079,0.000811728
6A,1.683272154,0.015457106,0.223582252,0.001124532
6A,1.678057886,0.021787078,0.224623243,0.001597377
6A,1.675478132,0.023042758,0.225142265,0.001695951
6A,1.684249407,0.021502621,0.223388342,0.00156209
6A,1.685952999,0.023828941,0.223051204,0.00172673
6A,1.690960658,0.014142875,0.222066723,0.001017298
6A,1.683007254,0.008613784,0.223634879,0.000626914
6A,1.694468354,0.024905189,0.221382875,0.001782219
6A,1.700298248,0.018570296,0.220256639,0.001317599
6A,1.686617454,0.017590437,0.222920016,0.001273414
6A,1.678949726,0.013153993,0.22444443,0.00096314
6A,1.70239539,0.011632777,0.219854631,0.000822847
6A,1.693129802,0.019484745,0.221643279,0.001397075
6A,1.687012263,0.024134301,0.222842148,0.001746121
6A,1.687235296,0.022263542,0.222798186,0.001610241
6A,1.681723458,0.02034887,0.223890317,0.001483821
6A,1.667714607,0.022932742,0.226720393,0.001707597
6A,1.711302586,0.01331765,0.218165333,0.000929923
6A,1.667128074,0.018442615,0.226840617,0.001374469
6A,1.66830454,0.012367032,0.226599614,0.000920047
6A,1.677865983,0.017598928,0.224661761,0.00129068
6A,1.685082664,0.018711281,0.223223301,0.001357633
6A,1.694269517,0.022396222,0.221421514,0.001603145
6A,1.678008149,0.017601543,0.224633225,0.001290599
6A,2.886398333,0.025894449,0.150062155,0.000750895
6A,3.453302895,0.066014262,0.115689815,0.001233548
6A,2.943841419,0.061348265,0.146579288,0.001703799
6A,3.310308563,0.029373684,0.124359792,0.000615499
6A,2.382021765,0.02909002,0.180643322,0.00123049
6A,1.988327277,0.038471329,0.204513656,0.002207137
6A,2.640167153,0.05491117,0.16499155,0.00191403
6A,1.895171666,0.018525219,0.210161831,0.001145846
6A,2.146512277,0.044523258,0.194922643,0.002255141
6A,2.483726692,0.035335667,0.174476788,0.001384538
6A,2.406143155,0.022157231,0.179180803,0.000920329
6A,3.091479956,0.044221187,0.137627725,0.001098064
6A,2.851905602,0.023420141,0.152153505,0.000696938
6A,3.307680331,0.03407037,0.124519146,0.000715397
6A,3.034263669,0.030138428,0.141096841,0.000781704
6A,2.395255751,0.037428455,0.179840924,0.001567459
6A,1.961895771,0.017607522,0.206116241,0.001031792
6A,2.489299458,0.049549805,0.174138902,0.001933385
6A,3.049273065,0.022907265,0.140186797,0.000587411
6A,2.962034612,0.025335765,0.145476205,0.000694055
6A,3.209903675,0.027764318,0.130447503,0.000629345
6A,2.973972186,0.052550604,0.144752411,0.001426673
6A,2.235441646,0.041143669,0.189530712,0.001945705
6A,3.527524311,0.055740072,0.11118965,0.000979985
6A,3.177956095,0.031190227,0.132384536,0.000724712
6A,2.574833056,0.032894872,0.168952862,0.001203933
6A,3.180828066,0.024476155,0.132210404,0.000567448
6A,2.28497025,0.040977012,0.186527712,0.001865782
6A,1.983463016,0.029261384,0.204808584,0.001685298
6A,2.623058438,0.024888089,0.166028879,0.000878668
6A,3.644830708,0.07117845,0.104077174,0.001133664
6A,3.560210426,0.052814414,0.109207838,0.000903625
6A,1.856354896,0.020273607,0.212515355,0.001294548
6A,2.089458151,0.034311907,0.198381927,0.001817067
6A,3.053885576,0.047336383,0.139907133,0.001209595
6A,2.377047937,0.021187693,0.180944893,0.000899601
6A,2.093607039,0.029311773,0.198130373,0.001547233
6A,2.438629577,0.053636324,0.177211099,0.002174012
6A,3.298002402,0.040524566,0.125105935,0.000857439
6A,2.232478173,0.019140079,0.189710392,0.000907205
6A,3.675130719,0.031090092,0.102240035,0.000482423
6A,3.257895199,0.045644852,0.127537699,0.000996669
6A,3.19447861,0.064629354,0.13138275,0.001482607
6A,2.765999805,0.030813544,0.157362113,0.000977794
6A,2.468321035,0.037793843,0.175410858,0.001498075
6A,2.411784822,0.04239511,0.17883874,0.001753463
6A,3.381546181,0.031250524,0.12004054,0.000618768
6A,3.131150241,0.051496422,0.135222451,0.001240451
6A,5.058463265,0.071403387,0.170670117,0.001343741
6A,11.24997545,0.155981432,0.075003524,0.000580044
6A,11.56794044,0.250653497,0.070090568,0.000847101
6A,6.392860751,0.050664422,0.15005201,0.000663296
6A,9.618982247,0.16563359,0.100204405,0.000962418
6A,2.424715285,0.047736865,0.211364811,0.002321045
6A,7.21367549,0.068599589,0.137369397,0.000728639
6A,7.163052022,0.138259802,0.138151593,0.001487344
6A,2.301267053,0.031157304,0.21327224,0.00161059
6A,3.339115472,0.066195283,0.197236187,0.002180921
6A,7.713160494,0.095888345,0.129651731,0.00089902
6A,5.140289537,0.041669649,0.169405799,0.000765982
6A,5.590431278,0.06944161,0.162450547,0.00112552
6A,10.48873454,0.234559441,0.086765647,0.001082269
6A,10.06715049,0.14362991,0.093279646,0.000742306
6A,10.14507145,0.17039377,0.09207567,0.000862584
6A,4.914456182,0.077574648,0.172895206,0.001522247
6A,6.073972086,0.130478966,0.154979238,0.001856945
6A,7.732099947,0.139175598,0.129359092,0.001298734
6A,9.718430968,0.197667421,0.098667798,0.001119366
6A,8.221934416,0.110014719,0.121790538,0.000908967
6A,10.83753117,0.198030272,0.081376303,0.000829386
6A,7.762234076,0.169885032,0.128893482,0.001573465
6A,9.263582949,0.154159365,0.105695768,0.000981084
6A,3.531712097,0.032296937,0.194260328,0.000990873
6A,5.768020501,0.11573106,0.159706572,0.001787326
6A,6.876095597,0.124298418,0.142585428,0.001437661
6A,10.20682801,0.212627951,0.091121454,0.001058785
6A,7.515740886,0.110490418,0.13270211,0.001088149
6A,7.249316025,0.122081165,0.136818707,0.001285153
6A,7.196755455,0.159049953,0.137630833,0.001696564
6A,10.38750565,0.196627407,0.088329759,0.000932605
6A,3.191926975,0.063205169,0.199510433,0.002203551
6A,4.436918967,0.060011466,0.180273752,0.001360013
6A,9.426516842,0.180898282,0.103178236,0.001104407
6A,4.821674473,0.039373598,0.174328799,0.000794025
6A,8.176679547,0.122798494,0.081340852,0.000681369
6A,2.94063135,0.050992647,0.148052782,0.001431994
6A,5.24325598,0.064537984,0.122937143,0.000844025
6A,4.31170564,0.089586219,0.105162428,0.001218738
6A,3.806872759,0.062186455,0.122597147,0.001117032
6A,3.76413963,0.074294707,0.145067387,0.001597054
6A,3.059904653,0.036596285,0.148425946,0.00099014
6A,3.107000625,0.02597254,0.146800737,0.000684477
6A,8.026713013,0.075682493,0.099345601,0.000522473
6A,3.853399247,0.079667954,0.133847532,0.001543504
6A,3.61196075,0.053477544,0.138106964,0.001140517
6A,3.007059973,0.049628816,0.148664351,0.001368537
6A,4.340362683,0.060549789,0.138357625,0.001076583
6A,3.950355021,0.069334252,0.111573053,0.001092267
6A,6.142252291,0.122755955,0.111751351,0.001245734
6A,7.355913799,0.102765014,0.094071721,0.000733036
6A,7.545546748,0.159237719,0.090275172,0.001062628
6A,3.580187212,0.050545916,0.128649641,0.001013087
6A,3.41406984,0.070486617,0.14380751,0.001656051
6A,3.033464094,0.038395282,0.143899515,0.001015912
6A,3.756715431,0.042189251,0.138840414,0.000869695
6A,4.865751787,0.106651965,0.133951352,0.00163766
6A,6.84107314,0.150007598,0.099283359,0.001214292
6A,7.117394444,0.067033299,0.110541124,0.000580699
6A,3.713369243,0.064227738,0.136219952,0.001314174
6A,4.926958057,0.050122451,0.114974318,0.000652397
6A,3.105199753,0.029696097,0.15308099,0.000816561
6A,3.295676491,0.066289787,0.131363894,0.001473791
6A,4.829572258,0.059971844,0.110942052,0.000768409
6A,4.830136836,0.068094301,0.103474861,0.000813662
6A,3.460099938,0.057513552,0.124627097,0.001155452
6A,5.023368982,0.058599955,0.101191988,0.000658425
6A,3.819253261,0.033310141,0.134628356,0.000654926
6A,3.228071065,0.036673514,0.135886881,0.000861082
6A,3.864792647,0.052888377,0.124409724,0.000949612
6A,2.902150514,0.041948805,0.155750436,0.001255702
6B,1.68925517,0.025117403,0.222400925,0.001811243
6B,1.698644006,0.024272434,0.220574907,0.001726345
6B,1.687973457,0.010844522,0.222652824,0.00078349
6B,1.695377891,0.017222656,0.221206321,0.001230812
6B,1.684274168,0.023994493,0.223383434,0.001743052
6B,1.715522842,0.013913985,0.217375056,0.000965663
6B,1.685769255,0.010679278,0.223087512,0.000774069
6B,1.683198927,0.010828861,0.223596797,0.000787904
6B,1.690668738,0.020370419,0.222123847,0.001465876
6B,1.690040534,0.014777171,0.222246888,0.001064365
6B,1.69192893,0.022213425,0.221877481,0.001595538
6B,1.688109673,0.017674782,0.222626023,0.001276703
6B,1.671111332,0.016900048,0.226026917,0.001251997
6B,1.677378333,0.022903458,0.224759705,0.001680928
6B,1.688119678,0.015124078,0.222624054,0.001092442
6B,1.690924777,0.01722548,0.222073743,0.001239096
6B,1.678471629,0.019478011,0.224540249,0.001427202
6B,1.684966858,0.01209532,0.223246222,0.00087775
6B,1.697706379,0.014362611,0.220755759,0.001022924
6B,1.689324864,0.011949496,0.222387246,0.000861602
6B,1.672454687,0.017336918,0.225753953,0.00128178
6B,1.681363807,0.010741416,0.223961993,0.000783673
6B,1.690814877,0.017439541,0.222095246,0.001254697
6B,1.702141047,0.017194455,0.2199033,0.001216705
6B,1.684327612,0.016794273,0.223372841,0.001219904
6B,1.68653963,0.01421227,0.222935373,0.001028979
6B,1.68843894,0.016845507,0.222561267,0.001216211
6B,1.678344783,0.009617608,0.224565686,0.000704839
6B,1.681227949,0.011615354,0.223989082,0.000847605
6B,1.701831469,0.01153526,0.21996257,0.00081662
6B,1.686481356,0.011969981,0.222946873,0.00086671
6B,1.699644207,0.023382787,0.22038235,0.001660641
6B,1.691762803,0.015655956,0.221909924,0.001124806
6B,1.700343863,0.024559243,0.220247877,0.001742411
6B,1.700013685,0.00967204,0.220311314,0.000686536
6B,1.705711216,0.025399369,0.219222351,0.001787981
6B,1.683051869,0.010199336,0.223626013,0.000742262
6B,1.684127637,0.01373468,0.223412484,0.000997956
6B,1.687261676,0.020159374,0.222792987,0.001457997
6B,1.692631684,0.014300466,0.221740358,0.001026108
6B,2.805942282,0.026911682,0.151226661,0.000808999
6B,2.736195389,0.030134774,0.153192508,0.000941057
6B,2.474718874,0.055542531,0.168370441,0.002107771
6B,1.901976658,0.024453208,0.205583845,0.001474271
6B,2.028350669,0.016521015,0.203386825,0.000924005
6B,2.894276752,0.053020407,0.153460504,0.001568041
6B,2.155468339,0.046780958,0.195656402,0.002368532
6B,3.077228305,0.039468226,0.138774715,0.000992787
6B,3.049375839,0.040198819,0.146034277,0.001073779
6B,3.427129268,0.050407583,0.113063439,0.000927567
6B,2.23866934,0.039256324,0.186025789,0.001819494
6B,2.848916412,0.062110092,0.154282601,0.001876105
6B,2.524544659,0.041130019,0.168971775,0.001535493
6B,1.94155285,0.019833249,0.20357013,0.001159889
6B,2.523009956,0.034310342,0.173431293,0.001315501
6B,3.062890529,0.035569458,0.133511139,0.000864811
6B,3.236009782,0.054220456,0.127386174,0.001190511
6B,2.15894437,0.045505995,0.200903132,0.002361955
6B,2.317835873,0.020703492,0.186113539,0.00092725
6B,3.212328545,0.063977089,0.138388925,0.001537318
6B,3.328999881,0.068170433,0.11635161,0.001328962
6B,2.359596455,0.031332387,0.180664098,0.00133809
6B,3.244136669,0.025322197,0.12886648,0.000561048
6B,2.75120551,0.042463753,0.157025027,0.00135183
6B,2.6161189,0.019869082,0.169301604,0.000717198
6B,3.625528196,0.042431194,0.106653025,0.000696217
6B,3.518459845,0.047718471,0.111289287,0.00084187
6B,2.836612638,0.033829163,0.14069939,0.000935925
6B,3.365553966,0.070616906,0.121004322,0.001416155
6B,3.232611667,0.063367324,0.127366502,0.001392595
6B,1.909281155,0.03504519,0.21242424,0.002174805
6B,2.867927219,0.059564411,0.15432353,0.001787758
6B,2.069254744,0.034590516,0.187854731,0.001751552
6B,3.276784555,0.034528397,0.123034652,0.000723126
6B,3.173871809,0.032636488,0.128648301,0.000737863
6B,3.136724933,0.024188602,0.138707247,0.000596611
6B,2.398113971,0.024333338,0.184943898,0.001046718
6B,2.872198384,0.0548445,0.157968228,0.001682465
6B,3.441804147,0.069928326,0.114648181,0.001299248
6B,2.824708701,0.061699579,0.147442738,0.001796345
6B,2.274824822,0.040464606,0.180961985,0.001795446
6B,2.780225713,0.062482346,0.156855367,0.00196623
6B,2.702407979,0.03667499,0.163172853,0.001235164
6B,1.96580835,0.044061982,0.20248268,0.002531445
6B,2.979557342,0.058529495,0.151352616,0.001658329
6B,2.536770841,0.036977965,0.166592712,0.001354489
6B,3.21864012,0.050863245,0.130706845,0.001152094
6B,2.418851838,0.027523748,0.180980266,0.001148649
6B,10.46872018,0.212562264,0.089373818,0.001012187
6B,5.947719505,0.062589491,0.15084164,0.00088538
6B,7.591428457,0.068524233,0.136141338,0.000685438
6B,11.74888826,0.091329585,0.070124748,0.000304049
6B,1.954338663,0.036063814,0.214382876,0.00220658
6B,11.86090181,0.121497714,0.068068208,0.000388913
6B,2.418206814,0.052675825,0.20222546,0.002457036
6B,5.041152036,0.087675762,0.168840933,0.001637892
6B,4.735447799,0.047569723,0.170435651,0.000954966
6B,9.440421551,0.116132021,0.101736808,0.000698066
6B,4.105276724,0.040287767,0.183123726,0.001002382
6B,9.397856475,0.162591638,0.105644161,0.001019466
6B,5.532401588,0.10608125,0.165531226,0.001770364
6B,10.24395511,0.168340612,0.096191464,0.000881689
6B,11.53406219,0.095550826,0.081051864,0.000374518
6B,9.642510801,0.072642126,0.101092344,0.00042479
6B,7.160586996,0.117312665,0.153426699,0.001402022
6B,5.742616204,0.069611445,0.157843692,0.001067225
6B,11.35175003,0.226252446,0.067372184,0.000748978
6B,4.221369821,0.087250254,0.181281796,0.002089899
6B,11.44641144,0.181091304,0.069394758,0.000612368
6B,1.899812946,0.029294542,0.221967231,0.001909073
6B,5.268463028,0.072776839,0.163756789,0.00126173
6B,6.128141415,0.061177067,0.155777534,0.000867406
6B,8.730634842,0.150328426,0.112832391,0.001083645
6B,2.113447,0.042115618,0.224997759,0.002500851
6B,4.691235593,0.072122265,0.174422365,0.001495692
6B,10.78911271,0.158424915,0.088390367,0.000723936
6B,6.972341627,0.116933891,0.138681973,0.001297297
6B,6.618854315,0.124729706,0.154343312,0.001622306
6B,5.1275938,0.047245368,0.161078251,0.000827828
6B,4.908097875,0.043051975,0.1687292,0.000825521
6B,6.121945913,0.112416531,0.158004889,0.001618337
6B,8.981422848,0.155464812,0.1030139,0.000994582
6B,6.84459658,0.088922158,0.144914783,0.001050105
6B,2.206713797,0.025648979,0.209997691,0.001361433
6B,4.206325777,0.074183719,0.105036942,0.00103325
6B,5.700141494,0.063496045,0.133038505,0.000826601
6B,3.654558619,0.058977848,0.136258125,0.001226519
6B,3.838876945,0.03334463,0.133004762,0.000644387
6B,3.323482534,0.063265577,0.136209781,0.001446239
6B,6.897937142,0.072709957,0.098209433,0.000577412
6B,6.03121939,0.128737704,0.111674387,0.001329572
6B,5.641217392,0.12466436,0.100283318,0.001236107
6B,4.155757212,0.065410668,0.110333737,0.000968645
6B,3.501785097,0.058979742,0.125812548,0.001181939
6B,3.661451264,0.042359736,0.109220401,0.000704793
6B,3.341828242,0.025110135,0.119710491,0.000501712
6B,3.157668717,0.045645897,0.137603088,0.001109484
6B,3.966819897,0.063923158,0.109231282,0.000981794
6B,5.651088021,0.111120064,0.126023355,0.001382195
6B,4.433203449,0.077145562,0.128834856,0.001250502
6B,2.914669781,0.06544495,0.159271364,0.001994721
6B,3.426331425,0.063062439,0.126768863,0.001301403
6B,4.410896482,0.097756889,0.112339928,0.001388713
6B,3.505212242,0.035088433,0.135641555,0.000757356
6B,4.028042868,0.051041317,0.139374843,0.000985076
6B,3.489901699,0.02984704,0.123383335,0.000588576
6B,4.113580686,0.052032377,0.130368671,0.000919781
6B,7.233078779,0.076970754,0.106883696,0.000634413
6B,4.049755071,0.083154749,0.128515631,0.001471879
6B,3.153874033,0.043292627,0.147328545,0.001128013
6B,3.858682704,0.054315228,0.106175377,0.000833612
6B,4.572839157,0.034598164,0.13160033,0.000555369
6B,3.089188551,0.037469479,0.140848605,0.000952892
6B,7.041307157,0.125111856,0.075062605,0.000743921
6B,3.169776408,0.046558307,0.130836864,0.001071905
6B,5.114480277,0.094337765,0.099437529,0.001023039
6B,4.107318838,0.08875573,0.130008372,0.001566993
6B,3.106390208,0.036095391,0.129601311,0.000839968
6B,4.626362421,0.097776296,0.1187622,0.001400006
6B,3.890846463,0.029808964,0.126827106,0.000541967
6C,1.716829499,0.011262545,0.217131676,0.000780177
6C,1.687983394,0.015613538,0.222650868,0.001128024
6C,1.684842512,0.015653453,0.223270839,0.00113617
6C,1.690845183,0.013551476,0.222089316,0.000974925
6C,1.684024471,0.019465899,0.223432942,0.001414601
6C,1.689094834,0.021543129,0.222432401,0.001553865
6C,1.664057336,0.020490725,0.227472348,0.001534187
6C,1.691552604,0.010577718,0.221950989,0.000760194
6C,1.695722384,0.02458073,0.221139532,0.001755768
6C,1.678900434,0.018975529,0.224454305,0.001389497
6C,1.690306856,0.013162592,0.222194707,0.000947698
6C,1.688553032,0.023407031,0.222538839,0.001689655
6C,1.689432416,0.021543496,0.22236614,0.001553119
6C,1.679529025,0.010333651,0.224328451,0.000755982
6C,1.69859313,0.012533308,0.220584712,0.000891482
6C,1.678344457,0.019054819,0.224565751,0.001396458
6C,1.682128706,0.012524063,0.223809614,0.000912694
6C,1.668781191,0.01809745,0.226502132,0.001345398
6C,1.685673289,0.01777407,0.223106481,0.001288506
6C,1.697914099,0.020042705,0.220715665,0.001427034
6C,1.685557778,0.014554249,0.223129317,0.00105527
6C,1.684274046,0.018473747,0.223383458,0.001342004
6C,1.674801816,0.01407337,0.225278775,0.001036849
6C,1.69793772,0.022845037,0.220711107,0.001626503
6C,1.703376523,0.020356003,0.219667118,0.00143783
6C,1.685338362,0.02527527,0.223172709,0.001833202
6C,1.668225212,0.013020902,0.226615847,0.000968807
6C,1.680569018,0.012918789,0.224120572,0.000943643
6C,1.679929189,0.016478562,0.224248414,0.001204809
6C,1.701319907,0.017121642,0.220060588,0.001213004
6C,1.687113678,0.021804184,0.222822155,0.001577301
6C,1.674576498,0.013203912,0.225324294,0.00097312
6C,1.684147385,0.023213999,0.223408569,0.001686671
6C,1.704004668,0.018269713,0.219547256,0.001289287
6C,1.687321032,0.010489911,0.222781291,0.000758601
6C,1.681352112,0.012050458,0.223964325,0.000879193
6C,1.720797063,0.016616163,0.216396412,0.001144489
6C,1.688462473,0.024333676,0.222556641,0.00175678
6C,1.696782068,0.022311026,0.220934368,0.001591173
6C,1.678556016,0.023842218,0.22452333,0.001746759
6C,2.556717373,0.03226654,0.179817232,0.001265781
6C,2.167032678,0.036724305,0.194539943,0.001838885
6C,3.037568761,0.067608102,0.134771491,0.001673125
6C,2.826478382,0.050500633,0.151953052,0.001514322
6C,2.158267698,0.023849419,0.18589923,0.001145797
6C,3.495295636,0.034554759,0.11518904,0.000635174
6C,2.707142316,0.033226811,0.168651295,0.001154583
6C,2.925583269,0.062051828,0.142050237,0.001680513
6C,3.611168429,0.045111007,0.109845329,0.000765375
6C,3.026488898,0.061510896,0.140663598,0.001594603
6C,3.17193095,0.04620627,0.128082883,0.001040701
6C,2.444128164,0.024440163,0.180196537,0.001005042
6C,1.785038918,0.02417405,0.232854949,0.001758915
6C,2.192467149,0.026022281,0.184767359,0.001223194
6C,2.7730468,0.055735499,0.15271775,0.001712072
6C,3.559918299,0.043899453,0.120356377,0.000827839
6C,2.942960165,0.04523897,0.151783524,0.0013014
6C,3.009093374,0.057006835,0.143884984,0.001520423
6C,2.197249967,0.049401591,0.178432774,0.002237659
6C,2.18863295,0.030258569,0.202745985,0.001563455
6C,2.894536062,0.045573044,0.144199361,0.00126634
6C,2.977198413,0.028800561,0.139514319,0.000752783
6C,3.650245377,0.054927642,0.106420674,0.000893208
6C,2.324994832,0.025225819,0.166615052,0.001008313
6C,2.726122762,0.044218446,0.15035759,0.00136032
6C,2.577071967,0.035421087,0.170602458,0.001307912
6C,2.892894444,0.04124717,0.17003687,0.001352267
6C,2.042253618,0.034069382,0.210046817,0.001954467
6C,3.285733901,0.062430665,0.135979236,0.001441106
6C,2.865496874,0.06346703,0.156651657,0.001935267
6C,2.332581347,0.019432457,0.201634854,0.000936945
6C,1.762753328,0.021654621,0.227145082,0.001556396
6C,2.283999956,0.01928027,0.194504248,0.000915807
6C,3.285067013,0.026946929,0.136576907,0.000624885
6C,2.06930937,0.031918509,0.200042531,0.001721065
6C,3.089199044,0.063305586,0.146449158,0.001673943
6C,1.943318302,0.024617126,0.203024912,0.0014345
6C,3.295835489,0.047419346,0.118135425,0.000948043
6C,2.050594375,0.017630417,0.213384082,0.001023299
6C,2.635161425,0.037500911,0.169105181,0.001342299
6C,2.491194875,0.039642194,0.196747817,0.001746295
6C,1.88998063,0.014300983,0.208020656,0.000877956
6C,2.107046751,0.028604004,0.204074348,0.00154525
6C,3.205288089,0.051196225,0.135610603,0.001208154
6C,2.768012284,0.023340123,0.17040171,0.000801432
6C,2.22778412,0.030840528,0.175774625,0.001357259
6C,2.60038768,0.054048912,0.172702531,0.00200219
6C,2.46792785,0.036663478,0.17732363,0.001469351
6C,11.93143151,0.224872097,0.063386772,0.000666345
6C,7.878291078,0.094854229,0.132249084,0.000888127
6C,12.25029248,0.193828795,0.061053578,0.000538816
6C,4.958327804,0.086882285,0.194080991,0.001896866
6C,9.849709849,0.087548004,0.094364874,0.000467833
6C,7.604508721,0.129150741,0.130364999,0.001234936
6C,12.38900373,0.139545946,0.063590038,0.00039951
6C,5.404968825,0.114959025,0.17042763,0.002021844
6C,6.060215011,0.049192571,0.143685078,0.00065055
6C,3.246032057,0.041085342,0.186976282,0.001320014
6C,9.876163607,0.188971017,0.082704466,0.00088266
6C,9.127296562,0.074251395,0.100493508,0.000455993
6C,8.833615295,0.152504938,0.109736067,0.001056702
6C,11.38321844,0.225230439,0.093604511,0.001033039
6C,8.583586036,0.186928931,0.114324878,0.001388693
6C,6.278531962,0.140986918,0.153184589,0.00191864
6C,2.021744395,0.037045815,0.216919759,0.002217021
6C,4.020388028,0.041547439,0.192004971,0.001106742
6C,4.239193104,0.090942261,0.188198264,0.002251935
6C,7.704912251,0.105362092,0.137474412,0.001048567
6C,5.042457592,0.053036909,0.164385201,0.000964398
6C,5.798246948,0.057699797,0.14360381,0.000797079
6C,4.12286693,0.04259329,0.175760907,0.001012796
6C,9.496043008,0.12155984,0.105906321,0.000756183
6C,5.823809312,0.100110361,0.165270058,0.001584615
6C,11.8627082,0.167782716,0.080348875,0.000633871
6C,8.733283626,0.092248187,0.103911156,0.00061221
6C,11.79709015,0.219206348,0.073946234,0.000766394
6C,1.76670032,0.027306108,0.227179032,0.001958497
6C,3.600826435,0.032985094,0.20401742,0.001042415
6C,2.834202836,0.027267586,0.206882053,0.001110188
6C,7.220067168,0.076647952,0.125198816,0.00074134
6C,9.002122574,0.202394259,0.119597122,0.001499794
6C,1.96525027,0.041641173,0.218188917,0.002578669
6C,11.11449895,0.193932118,0.073483608,0.000715168
6C,4.222465055,0.051066042,0.201322704,0.001358053
6C,2.916419048,0.039372751,0.151764178,0.001142807
6C,3.620459927,0.080434596,0.129973121,0.00161061
6C,2.987805534,0.035033538,0.141172504,0.000923293
6C,3.719948451,0.056849047,0.123390043,0.001051778
6C,6.551580474,0.143658052,0.110942453,0.001356874
6C,4.644063473,0.081567497,0.104328802,0.001022071
6C,3.159810719,0.038048301,0.136788248,0.000918715
6C,3.446577755,0.074071061,0.142620876,0.001709627
6C,3.374701206,0.050682943,0.147703976,0.001237304
6C,3.60715178,0.064833626,0.114706941,0.001149962
6C,3.811013335,0.056566612,0.139984201,0.001158928
6C,4.43311032,0.094110139,0.118916221,0.001408078
6C,4.145383066,0.065169128,0.125327186,0.001098956
6C,3.31960473,0.039182647,0.121492384,0.00079986
6C,3.873931765,0.054791467,0.115866172,0.000914061
6C,4.647820161,0.038970283,0.132326849,0.000618857
6C,3.229306798,0.036938706,0.134933357,0.000860894
6C,3.445587149,0.058026135,0.123631591,0.001161309
6C,3.101381101,0.050743576,0.160453444,0.001464309
6C,3.19717278,0.044050524,0.126324995,0.000970805
6C,3.020197936,0.052423226,0.155701551,0.001507437
6C,5.733796478,0.057187344,0.105859178,0.000588903
6C,4.60199642,0.06354676,0.110268002,0.000849287
6C,2.828761951,0.043891875,0.160983738,0.001393245
6C,4.568231253,0.090702768,0.101418216,0.001123172
6C,3.027024213,0.025319096,0.135831501,0.00063371
6C,5.399039454,0.107406787,0.116230731,0.001289716
6C,3.627816832,0.070766906,0.10544182,0.001147243
6C,4.416680065,0.078229734,0.106783108,0.001054961
6C,4.021918054,0.07357546,0.109667759,0.001119017
6C,6.958328051,0.153290277,0.092775758,0.001139992
6C,3.640717193,0.035107597,0.134276281,0.000722223
6C,3.174523917,0.040875517,0.142599339,0.001024141
6C,4.127685056,0.044792273,0.127217023,0.000770016
6C,4.51911825,0.065414225,0.148965647,0.001202714
6C,4.067598017,0.080537827,0.119551108,0.001320302
7A,1.560786799,0.009871218,0.251222914,0.000870256
7A,1.573910478,0.020018916,0.247909601,0.001727088
7A,1.555633882,0.01585776,0.252549936,0.001410075
7A,1.552203382,0.017999201,0.253441718,0.001609694
7A,1.55815086,0.014240436,0.251899877,0.001260963
7A,1.546476178,0.019489857,0.254945599,0.001759842
7A,1.552768445,0.015663721,0.253294364,0.001399505
7A,1.561704226,0.018822667,0.250988212,0.0016569
7A,1.560852524,0.008780604,0.251206085,0.000774022
7A,1.555440833,0.015768444,0.252599943,0.001402585
7A,1.55874277,0.018377734,0.251747523,0.001625711
7A,1.571049046,0.016081685,0.248624017,0.001393945
7A,1.553562427,0.012432354,0.253087623,0.001109318
7A,1.560631478,0.013276822,0.251262696,0.001170799
7A,1.559221702,0.018647256,0.251624394,0.00164824
7A,1.564939127,0.019106626,0.250164365,0.00167291
7A,1.541626379,0.013353831,0.256234022,0.001215694
7A,1.550160364,0.018396128,0.253976013,0.001650833
7A,1.539089308,0.015781621,0.256913563,0.001442897
7A,1.558194287,0.018245509,0.251888693,0.001615488
7A,1.680516998,0.013996467,0.22413096,0.00102244
7A,1.684825464,0.0176817,0.223274215,0.001283419
7A,1.693922764,0.023274356,0.221488932,0.001666851
7A,1.690390685,0.016453604,0.222178288,0.001184503
7A,1.681146897,0.014743554,0.224005247,0.001076008
7A,1.697998891,0.013087083,0.220699303,0.000931681
7A,1.676814117,0.016135569,0.224873146,0.001185216
7A,1.685688781,0.024296574,0.223103418,0.001761305
7A,1.678336252,0.010071787,0.224567397,0.000738133
7A,1.683414705,0.025164717,0.223553943,0.001830391
7A,1.703486497,0.008921115,0.219646123,0.000630035
7A,1.687530194,0.009169065,0.222740088,0.000662876
7A,1.676568075,0.018130524,0.224922655,0.001332242
7A,1.685840853,0.017776347,0.223073363,0.001288351
7A,1.68726997,0.018587613,0.222791353,0.001344306
7A,1.685850898,0.019320049,0.223071378,0.001400211
7A,1.705654406,0.020007774,0.21923315,0.001408558
7A,1.675409658,0.022220337,0.225156078,0.001635588
7A,1.710466434,0.010746815,0.218322676,0.00075132
7A,1.673082573,0.019024763,0.225626619,0.001405248
7A,2.210153232,0.036712373,0.20654607,0.00191366
7A,1.954597208,0.037680905,0.224503172,0.002414039
7A,1.74758086,0.013828982,0.239049546,0.001055112
7A,3.313062484,0.066256862,0.129048176,0.001439497
7A,2.965675554,0.045775674,0.153457941,0.001321169
7A,2.172056214,0.044596713,0.209223025,0.002396067
7A,2.218037422,0.035316486,0.205992073,0.001829435
7A,1.938537611,0.04339781,0.225631628,0.002817418
7A,2.116000935,0.028368314,0.21316185,0.001593987
7A,3.038212518,0.059979583,0.148361001,0.001633664
7A,2.340436509,0.04005883,0.197391482,0.001884463
7A,2.790479444,0.027441389,0.165768409,0.000909257
7A,2.680824104,0.031626105,0.173473538,0.00114148
7A,2.959649136,0.066388292,0.153881398,0.001925286
7A,2.688306844,0.034928827,0.17294775,0.001253366
7A,3.503201325,0.052478017,0.115687729,0.000966624
7A,3.037685341,0.05482594,0.148398044,0.001493927
7A,3.237754257,0.066942969,0.134339843,0.001549258
7A,3.452095919,0.034891713,0.119278742,0.00067245
7A,2.389259298,0.050616623,0.193960862,0.002291932
7A,2.199179093,0.042199601,0.207317188,0.002218916
7A,2.691165236,0.021300472,0.1727469,0.000762635
7A,2.467322138,0.036518318,0.188475636,0.001555958
7A,2.067194557,0.015902295,0.216591317,0.000929346
7A,1.969491491,0.016800097,0.223456598,0.001063184
7A,3.491715876,0.031203467,0.116494775,0.000580668
7A,3.365579098,0.028591645,0.125358002,0.000594004
7A,1.819097535,0.028310727,0.234024299,0.002031486
7A,2.999183337,0.060065912,0.151103456,0.001687941
7A,2.527214057,0.041711218,0.184267223,0.001696355
7A,1.747544277,0.033098598,0.239052117,0.002525409
7A,2.430151461,0.031508775,0.1910875,0.001381937
7A,3.108971765,0.048257549,0.143388976,0.001241429
7A,1.819471322,0.022630412,0.233998034,0.001623369
7A,2.114033223,0.021858248,0.213300115,0.001230134
7A,1.910063962,0.036481267,0.22763238,0.002425011
7A,2.29368918,0.029535456,0.200676267,0.001441328
7A,2.19571802,0.016597848,0.207560386,0.00087514
7A,3.662082499,0.076440979,0.104523659,0.001216944
7A,3.030916613,0.042042952,0.148873661,0.001151847
7A,2.442588143,0.031479506,0.190213615,0.001367342
7A,2.395773239,0.041706859,0.193503148,0.001878917
7A,2.004387374,0.033401583,0.221004577,0.002054208
7A,3.454697498,0.047446515,0.119095938,0.000912324
7A,3.338086474,0.049987369,0.12728982,0.001063198
7A,2.819291181,0.033404652,0.163743901,0.001082156
7A,2.761842035,0.02966132,0.167780668,0.001005058
7A,2.833437441,0.034494227,0.162749889,0.001105125
7A,2.650521423,0.028850358,0.164363754,0.000997892
7A,2.43721966,0.038968032,0.177296585,0.001581146
7A,3.050504436,0.027050479,0.140112137,0.000693006
7A,2.601853085,0.023835842,0.167314594,0.000854947
7A,2.714293565,0.04903761,0.160497146,0.001617326
7A,2.652735678,0.021012452,0.1642295,0.000725591
7A,2.669835163,0.049144263,0.16319273,0.00167551
7A,2.135000969,0.028487722,0.195620593,0.001455901
7A,1.871947982,0.023432271,0.211569921,0.001477176
7A,3.584393175,0.033962668,0.107741599,0.000569413
7A,3.38259219,0.035741592,0.119977119,0.000707099
7A,2.751310411,0.049238735,0.158252754,0.001579706
7A,3.49460387,0.076114134,0.11318567,0.001375044
7A,2.012613413,0.029849286,0.203041148,0.001679637
7A,2.965863311,0.048828873,0.145244065,0.001333772
7A,2.079892625,0.031485704,0.198961901,0.001679965
7A,2.687241521,0.026237679,0.162137355,0.000882998
7A,3.207529054,0.037723726,0.13059148,0.000856676
7A,3.045928233,0.057714968,0.140389599,0.001483753
7A,2.609941548,0.033206138,0.166824177,0.001183871
7A,3.049086848,0.042652689,0.140198087,0.001093897
7A,2.125422091,0.025004486,0.196201375,0.001287456
7A,2.122883042,0.038394613,0.196355322,0.001980818
7A,3.544380425,0.041241658,0.110167637,0.000715003
7A,1.96083262,0.024084804,0.206180701,0.001412565
7A,1.971418631,0.031252911,0.205538854,0.001817454
7A,3.420204007,0.035639297,0.117696654,0.000684068
7A,3.229747272,0.025095469,0.129244354,0.000560139
7A,3.302815095,0.04705394,0.124814133,0.000991821
7A,2.119512071,0.037180911,0.196559709,0.001923253
7A,3.354570318,0.04864328,0.12167613,0.000984122
7A,1.978046651,0.032612429,0.205136987,0.001886463
7A,2.514847069,0.037530162,0.172589909,0.00143662
7A,3.627209872,0.064750948,0.105145553,0.001046941
7A,2.685437217,0.039912239,0.162246753,0.001345008
7A,2.269979793,0.034405093,0.187436608,0.001584575
7A,3.792016815,0.042633037,0.129374587,0.000811302
7A,8.990804633,0.082943895,0.085270268,0.000438774
7A,4.370637952,0.089718237,0.152876729,0.001750391
7A,9.504387564,0.108493455,0.081068556,0.000516166
7A,3.978893798,0.052168712,0.130494032,0.000954325
7A,5.046011326,0.109205078,0.124843908,0.001507022
7A,3.976949452,0.038745714,0.157523679,0.000856007
7A,5.286620812,0.043175103,0.127483993,0.000580722
7A,3.891430529,0.045183454,0.152085865,0.000984956
7A,3.720839018,0.056128255,0.111384028,0.000937176
7A,4.635631735,0.037237792,0.120709197,0.000540845
7A,4.053682841,0.040127057,0.135321085,0.000747155
7A,3.648670492,0.033830084,0.147834112,0.000764541
7A,4.622880579,0.083164168,0.108928201,0.001093004
7A,4.753306409,0.10408781,0.129997956,0.001587809
7A,5.262845418,0.115788197,0.111593928,0.001369437
7A,3.913094414,0.045042602,0.119105764,0.000764705
7A,2.744145191,0.024928012,0.170306248,0.000862917
7A,3.48534068,0.031975354,0.122076309,0.000624682
7A,3.732764902,0.043300427,0.111840767,0.000723635
7A,2.677194825,0.048187346,0.174735854,0.001754255
7A,3.444713881,0.062131421,0.134411589,0.001352236
7A,3.358438035,0.030223661,0.127878019,0.000641894
7A,2.857732897,0.043941707,0.169839715,0.00145664
7A,3.822932162,0.079337208,0.139428133,0.001613944
7A,3.967626102,0.080033034,0.154429886,0.001737511
7A,3.451737553,0.072056841,0.150498953,0.001752382
7A,3.686638802,0.047160005,0.161360626,0.001151327
7A,6.521214562,0.128939037,0.096417683,0.001063336
7A,3.309933923,0.055756114,0.147669318,0.001387462
7A,3.743022014,0.036906826,0.112227383,0.000617221
7A,4.281838358,0.086101974,0.150128706,0.001683854
7A,3.79414876,0.050620294,0.13428065,0.000999267
7A,3.294759243,0.064053436,0.166099338,0.001801127
7A,2.831723454,0.036619389,0.169078675,0.00121957
7A,2.711438801,0.048477332,0.172028404,0.001715524
7B,1.554203779,0.011982654,0.252920887,0.001068047
7B,1.557014188,0.021953544,0.252193002,0.001947627
7B,1.547920138,0.009000908,0.254564647,0.000810768
7B,1.561706625,0.021632298,0.250987599,0.001904216
7B,1.552163818,0.011538091,0.253452042,0.001031936
7B,1.548454829,0.016894925,0.25442389,0.001520464
7B,1.561367751,0.018391164,0.251074236,0.00161982
7B,1.557882262,0.017804854,0.251969078,0.00157729
7B,1.565073072,0.015272453,0.250130378,0.001336907
7B,1.547564307,0.013802876,0.254658412,0.001244055
7B,1.549783616,0.01678398,0.254074803,0.001507114
7B,1.549065602,0.022881433,0.254263306,0.002057111
7B,1.557050717,0.013782577,0.252183571,0.001222658
7B,1.549949769,0.016242543,0.254031224,0.001458089
7B,1.57911003,0.019311041,0.246622644,0.001651912
7B,1.556267148,0.013759649,0.252386046,0.001222219
7B,1.540249566,0.008638442,0.25660232,0.000788253
7B,1.554948222,0.015626798,0.252727643,0.001391129
7B,1.545540581,0.01884405,0.255193082,0.001704211
7B,1.557000901,0.020961294,0.252196433,0.00185964
7B,1.672581504,0.020310861,0.225728222,0.001501369
7B,1.694939621,0.019183353,0.221291356,0.001371814
7B,1.682082691,0.021407749,0.223818775,0.001560202
7B,1.693101936,0.017874283,0.221648707,0.001281656
7B,1.683876079,0.015276998,0.223462375,0.001110434
7B,1.692245938,0.016805214,0.221815603,0.001206517
7B,1.686627757,0.023359288,0.222917983,0.00169101
7B,1.690846375,0.017353001,0.222089082,0.001248413
7B,1.679583582,0.015525488,0.224317535,0.00113571
7B,1.681630574,0.01123222,0.223908823,0.000819156
7B,1.693447107,0.014192536,0.221581488,0.001017144
7B,1.693724771,0.016967816,0.221527448,0.001215546
7B,1.695777097,0.019233265,0.221128929,0.001373695
7B,1.697684709,0.01058517,0.220759943,0.000753914
7B,1.67883609,0.019444956,0.224467197,0.001424007
7B,1.696317046,0.016791635,0.221024348,0.001198358
7B,1.682992344,0.018081585,0.223637842,0.001316013
7B,1.691708771,0.008711887,0.221920478,0.000625957
7B,1.67619999,0.018772948,0.224996766,0.001380205
7B,1.666897678,0.016567648,0.226887881,0.001235162
7B,2.953345229,0.024627152,0.152278491,0.000708266
7B,2.989661647,0.054837641,0.145364564,0.001487213
7B,2.319591747,0.050572934,0.201500756,0.002450423
7B,2.078526164,0.043828542,0.213574842,0.002511941
7B,1.751348417,0.014275768,0.23792905,0.001081763
7B,3.026761497,0.038597635,0.142262047,0.001011881
7B,2.067558806,0.018878374,0.220670694,0.001123852
7B,2.518661906,0.031046737,0.192486281,0.001323438
7B,1.693056724,0.013049598,0.248751851,0.001069423
7B,2.908379506,0.035649594,0.155285355,0.001061675
7B,2.639805286,0.034462426,0.173321262,0.00126207
7B,3.252160311,0.056269594,0.13592486,0.001311772
7B,2.192807279,0.033178936,0.211596942,0.001785785
7B,2.313599659,0.05118004,0.197050801,0.002431355
7B,2.10977564,0.038189531,0.212801106,0.002148521
7B,3.600899157,0.053693437,0.117484319,0.00097712
7B,2.806472419,0.051118467,0.159639346,0.001621865
7B,3.172313547,0.053863932,0.144089102,0.001364617
7B,3.184406549,0.067308359,0.130216114,0.001535193
7B,2.35966434,0.037690058,0.197746115,0.001761742
7B,2.770096186,0.035799474,0.169111812,0.001219027
7B,2.116205253,0.022117246,0.216099664,0.001259752
7B,3.338330825,0.063417415,0.125417769,0.001328911
7B,2.272073015,0.019009208,0.202319849,0.000944143
7B,1.845467406,0.037047161,0.227232891,0.002544354
7B,3.21938753,0.067683164,0.123691714,0.00145046
7B,2.908340138,0.024161604,0.151408959,0.000701601
7B,2.109747334,0.033335275,0.217128804,0.00191359
7B,3.772103935,0.04249624,0.104733024,0.000658125
7B,2.937775824,0.027492567,0.163847131,0.00085525
7B,1.930795586,0.041316739,0.225978555,0.00269721
7B,3.045674954,0.040290574,0.15356259,0.001133087
7B,2.291357287,0.029872746,0.204980597,0.001490572
7B,2.526677857,0.041084614,0.183754997,0.00166658
7B,2.474158816,0.032538967,0.182824724,0.001341124
7B,3.382439673,0.059125471,0.128975188,0.001257501
7B,2.046543121,0.045846629,0.211124622,0.002638051
7B,1.813565113,0.019264712,0.238249017,0.001411621
7B,2.987227767,0.03710688,0.148841211,0.001031257
7B,2.632341718,0.030146471,0.174291068,0.001113338
7B,2.645089222,0.029999925,0.181727984,0.001149634
7B,2.842126326,0.045538945,0.162949962,0.001456303
7B,2.319482022,0.035882923,0.196220411,0.001693163
7B,3.378507883,0.05837327,0.114580411,0.001104224
7B,2.459405028,0.055253878,0.192211233,0.002408625
7B,2.281993933,0.039897943,0.205332761,0.002002405
7B,1.849258624,0.02032515,0.231101153,0.001416759
7B,3.163383276,0.028227558,0.140486467,0.00069922
7B,3.514095815,0.058029559,0.119798269,0.001103428
7B,2.883395454,0.053815998,0.15313341,0.001594171
7B,3.517785527,0.050091246,0.106293386,0.000844222
7B,2.897493718,0.030284569,0.143212976,0.000834909
7B,2.824420402,0.048699424,0.15892819,0.001528457
7B,2.451187616,0.030336872,0.172478486,0.001190658
7B,2.235099096,0.030267547,0.181935765,0.00137422
7B,2.234936838,0.025842456,0.18726848,0.001207789
7B,2.874440114,0.059669646,0.151959281,0.001759483
7B,3.185572878,0.052872825,0.139186617,0.001288547
7B,2.543064248,0.038689991,0.179249723,0.001521099
7B,3.360889867,0.060036591,0.116870673,0.001164461
7B,3.212305922,0.049330524,0.141085563,0.001208479
7B,1.979339547,0.02054138,0.210139744,0.001216397
7B,3.360099362,0.053881299,0.118036769,0.00105575
7B,2.312794718,0.04784352,0.17424276,0.002010474
7B,2.108275624,0.042800456,0.197680506,0.002238425
7B,2.991162558,0.054367523,0.14583805,0.001478523
7B,3.645153495,0.048794946,0.104351134,0.000779137
7B,3.09181138,0.030527781,0.142933953,0.000787182
7B,1.97228669,0.03178157,0.20824421,0.001871699
7B,2.092040581,0.0359678,0.198461294,0.001903169
7B,3.092159764,0.026558163,0.133697309,0.000640496
7B,3.363679523,0.045536171,0.11907723,0.000899142
7B,2.999503889,0.043129139,0.144065402,0.001155417
7B,2.379580157,0.043928544,0.178401549,0.001836973
7B,2.436216113,0.026002096,0.180845499,0.001076609
7B,3.582695321,0.061392033,0.109596309,0.001047504
7B,2.726814033,0.056360256,0.16152601,0.001862163
7B,1.806739621,0.020713807,0.225078258,0.001439314
7B,1.962606064,0.029114087,0.212410848,0.001757537
7B,2.508990369,0.036846946,0.174878704,0.001432508
7B,3.328588097,0.03342438,0.12705586,0.000711632
7B,3.353039259,0.052118076,0.116445515,0.001009556
7B,3.436706869,0.04772568,0.120983311,0.000937115
7B,2.436597997,0.022626052,0.173589585,0.000899097
7B,3.603120243,0.038702405,0.124139256,0.000743748
7B,7.741717391,0.095374721,0.095107006,0.000653531
7B,3.078757311,0.058418828,0.151434372,0.001602727
7B,3.485264613,0.050265239,0.130613038,0.001050694
7B,2.795240694,0.062584816,0.171999294,0.002148
7B,4.939054503,0.037758804,0.141875888,0.00060498
7B,3.110428664,0.056638307,0.156758902,0.001592135
7B,2.904832722,0.04001652,0.168133832,0.001291906
7B,6.720375558,0.099002293,0.107454404,0.000882945
7B,3.30499641,0.063520602,0.144469668,0.001548738
7B,3.614329071,0.053138361,0.139407749,0.001143208
7B,4.149438743,0.080317376,0.144058293,0.001555307
7B,2.875135811,0.053640382,0.160059083,0.001665603
7B,4.09940827,0.058034743,0.144431626,0.001140478
7B,6.496328477,0.101847357,0.120356648,0.00105247
7B,4.885852832,0.038087252,0.156195883,0.000679151
7B,3.197368825,0.060971642,0.169705397,0.001805047
7B,3.010089373,0.065990185,0.157491278,0.001925813
7B,3.632054438,0.080420592,0.14013282,0.001730663
7B,3.61610451,0.063532087,0.1402472,0.001374371
7B,3.342998954,0.069870808,0.15052101,0.001754747
7B,3.572628097,0.060763998,0.114084825,0.001082291
7B,8.017038277,0.178120605,0.087351829,0.001082505
7B,3.441730861,0.054437497,0.124280522,0.001096433
7B,3.401332006,0.06740718,0.148974979,0.001646752
7B,5.696118152,0.128004848,0.113434442,0.001421838
7B,4.707817861,0.058092571,0.104987002,0.000722594
7B,6.387084384,0.076049126,0.104796967,0.000695982
7B,6.165292617,0.084834677,0.111123465,0.000852871
7B,8.554070019,0.177958595,0.108372553,0.001257544
7B,3.101668063,0.024701158,0.135355592,0.000601251
7B,4.260990639,0.052226814,0.112481281,0.00076899
7B,4.235372931,0.082170364,0.127080449,0.001375182
7B,3.578573177,0.034641499,0.122102962,0.000659281
7B,4.429126803,0.095360121,0.134954402,0.001620666
7B,3.832674466,0.086058081,0.138695694,0.001737043
7C,1.565794062,0.014901435,0.249947601,0.001302876
7C,1.558208528,0.008161972,0.251885025,0.000722658
7C,1.560464482,0.015562294,0.251305483,0.001372721
7C,1.547080408,0.013522195,0.254786041,0.001219749
7C,1.560848494,0.008299299,0.251207116,0.000731599
7C,1.561361071,0.014182689,0.251075945,0.001249168
7C,1.562446532,0.011676527,0.250798652,0.001026584
7C,1.563141982,0.012782929,0.250621337,0.001122563
7C,1.562880981,0.009555222,0.250687851,0.000839477
7C,1.566995336,0.01034287,0.249643704,0.000902515
7C,1.554238832,0.016359077,0.25291178,0.001458044
7C,1.556934649,0.0144394,0.252213541,0.001281173
7C,1.557296801,0.010604453,0.252120054,0.00094034
7C,1.569707254,0.013704021,0.248960547,0.001190476
7C,1.552215642,0.014510449,0.253438519,0.001297663
7C,1.551313099,0.014365037,0.253674252,0.001286602
7C,1.54201764,0.011930417,0.256129565,0.001085392
7C,1.551816284,0.016137629,0.253542769,0.001444147
7C,1.539931045,0.019543445,0.256687684,0.00178429
7C,1.561764121,0.010871758,0.250972905,0.000956912
7C,1.671194261,0.009304893,0.226010045,0.000689244
7C,1.682676921,0.02282745,0.223700544,0.001662204
7C,1.68402244,0.010405162,0.223433345,0.000756153
7C,1.689515989,0.018585173,0.222349743,0.001339682
7C,1.691632428,0.019537261,0.221935392,0.001403928
7C,1.693659673,0.014131718,0.221540115,0.001012469
7C,1.670777452,0.022109899,0.226094874,0.001638776
7C,1.689828671,0.020928178,0.222288418,0.001507878
7C,1.682487807,0.009958093,0.223738156,0.000725312
7C,1.680243592,0.016931609,0.224185574,0.001237355
7C,1.680398447,0.022118105,0.224154637,0.00161601
7C,1.685731092,0.021691628,0.223095055,0.001572369
7C,1.671422489,0.017407029,0.225963627,0.001288954
7C,1.683325701,0.01326175,0.223571617,0.000964739
7C,1.693898905,0.022983636,0.221493573,0.001646088
7C,1.691187366,0.023724284,0.222022382,0.00170592
7C,1.70294823,0.015743531,0.219748929,0.001112726
7C,1.684641276,0.010452171,0.223310692,0.000758873
7C,1.681613126,0.01425784,0.2239123,0.001039839
7C,1.680701566,0.014310209,0.224094108,0.001045073
7C,3.685705438,0.067866206,0.102692322,0.001054699
7C,2.420754025,0.021357155,0.174265213,0.000857553
7C,3.716306231,0.03910795,0.121713254,0.000714413
7C,3.154588876,0.041589926,0.1272984,0.000936108
7C,2.682741579,0.02990804,0.161484799,0.00100415
7C,3.535482013,0.045298252,0.10727951,0.000766668
7C,2.662621337,0.057715488,0.189601087,0.002292353
7C,2.273561811,0.039158102,0.182822708,0.001756316
7C,2.872357597,0.055591979,0.166032793,0.00179236
7C,1.884247801,0.016678935,0.221957636,0.001095868
7C,3.102167932,0.057763672,0.123697121,0.001284715
7C,2.295363621,0.020901716,0.19461636,0.000988479
7C,2.181814262,0.034265371,0.218117735,0.001910673
7C,3.449980679,0.036062873,0.112265158,0.000654555
7C,2.106405078,0.019818879,0.207276136,0.001087788
7C,2.717497943,0.044380819,0.166989694,0.001521155
7C,3.12303079,0.048810452,0.12371195,0.001078465
7C,1.838214463,0.021324165,0.224842374,0.001454828
7C,2.047238572,0.018521537,0.215803582,0.001088993
7C,1.89481275,0.041451629,0.215920636,0.002634676
7C,2.240638348,0.048894314,0.196032905,0.002386016
7C,1.993714803,0.044402776,0.208872977,0.0025947
7C,1.878545736,0.039022493,0.246498728,0.002856049
7C,2.872362729,0.021747443,0.155912722,0.000658428
7C,3.116864212,0.052496993,0.148263499,0.001392863
7C,2.25584872,0.022593156,0.19320685,0.001079312
7C,2.389009491,0.051341541,0.196193124,0.002351758
7C,2.496996341,0.05194007,0.167835158,0.001947266
7C,3.394985735,0.057900992,0.110624629,0.001052344
7C,1.897484667,0.038107643,0.226480491,0.002537011
7C,3.499839302,0.029162601,0.106632654,0.000495594
7C,2.320095636,0.036865902,0.208183218,0.001845111
7C,3.391215083,0.059865563,0.112188195,0.001104655
7C,2.373843402,0.029590747,0.210832327,0.001465881
7C,2.976902314,0.033266329,0.148014135,0.000922574
7C,2.660391656,0.043543183,0.16245613,0.001483093
7C,2.383268235,0.033226718,0.170753203,0.001327826
7C,2.678307841,0.053844656,0.17788351,0.001994691
7C,2.598029096,0.040903902,0.161425063,0.001417586
7C,3.122654309,0.067258635,0.15296397,0.001837685
7C,2.876341279,0.04945795,0.159376154,0.00152854
7C,2.091343689,0.019684681,0.21281341,0.001117274
7C,2.489912253,0.027155772,0.192378131,0.001170285
7C,2.566114484,0.056908265,0.196298671,0.002428144
7C,3.785143642,0.035537996,0.102545854,0.000537015
7C,3.402646726,0.042829455,0.11395895,0.000800077
7C,1.702183286,0.014743952,0.250996544,0.001212643
7C,2.745021313,0.051416202,0.154004008,0.001608956
7C,2.963202793,0.027862971,0.167304211,0.000877467
7C,2.901448294,0.040012775,0.13200978,0.001015425
7C,3.185395953,0.062128773,0.136335658,0.001483189
7C,3.442160013,0.065562418,0.117881268,0.001252352
7C,2.382279966,0.039480021,0.193996402,0.00179323
7C,2.930139849,0.044515689,0.131007119,0.001110139
7C,2.802629786,0.057650925,0.141481747,0.0016233
7C,2.158422824,0.02371608,0.201380914,0.001234191
7C,2.16197356,0.022779054,0.200785028,0.001179979
7C,2.540949657,0.021935144,0.176451398,0.000849625
7C,3.589475472,0.040632756,0.108650151,0.000686015
7C,3.294811004,0.043189761,0.1187195,0.000868021
7C,2.55301985,0.023512186,0.190074648,0.000976384
7C,3.659081025,0.038568728,0.114763491,0.000674722
7C,2.517649382,0.055639802,0.163660121,0.002017395
7C,3.121959818,0.050293886,0.151962384,0.001365469
7C,2.56446855,0.054657077,0.178308885,0.002119726
7C,2.259727805,0.0391686,0.193377193,0.001869584
7C,2.162751078,0.019796478,0.196547906,0.001003477
7C,2.526021692,0.050521545,0.165854716,0.001850227
7C,3.165701197,0.027707438,0.147271283,0.000718956
7C,3.443590822,0.035879207,0.122896632,0.000714215
7C,3.2508255,0.05978938,0.149582607,0.001534508
7C,2.270320363,0.027973984,0.179477814,0.00123349
7C,2.681596659,0.026856501,0.172129274,0.000961542
7C,2.53832463,0.019365067,0.175431159,0.000746511
7C,3.146392945,0.039856754,0.134067671,0.000947263
7C,3.18601063,0.029602806,0.130456689,0.000676098
7C,3.16932739,0.038800244,0.132835951,0.00090707
7C,2.346412549,0.050633453,0.177394283,0.002135161
7C,3.519169148,0.051502272,0.118606411,0.000968171
7C,2.092951535,0.037200218,0.205013017,0.002032476
7C,3.457818118,0.055317673,0.120609054,0.001076216
7C,3.127154297,0.030061622,0.135695126,0.000727587
7C,2.796145084,0.028176573,0.156318889,0.000878613
7C,3.621294173,0.033657962,0.127820301,0.000662646
7C,3.417204559,0.058212559,0.126547534,0.001202423
7C,5.986460076,0.054625491,0.118723312,0.000604253
7C,3.081832155,0.054043466,0.163538129,0.001599599
7C,4.078922536,0.090713896,0.142633282,0.001769322
7C,3.639899399,0.037616646,0.138288016,0.000797137
7C,6.887604754,0.060832367,0.109481302,0.000539342
7C,8.823056183,0.152967245,0.071634396,0.000692722
7C,4.184644845,0.031880564,0.103633926,0.00044038
7C,6.05517305,0.130567616,0.129122711,0.001552992
7C,3.913994974,0.054830737,0.154919043,0.001210504
7C,3.515747054,0.036802259,0.126829104,0.000740514
7C,8.600365788,0.149439525,0.104006081,0.00100801
7C,4.854541731,0.069040206,0.126768856,0.001005597
7C,3.377765918,0.039535595,0.138501369,0.000904213
7C,3.378151242,0.073067561,0.12292583,0.001483018
7C,5.601281331,0.092850791,0.135823506,0.00125583
7C,3.536163598,0.035110729,0.136679914,0.000756955
7C,3.995017935,0.047223676,0.119714439,0.000789306
7C,4.850182843,0.076425709,0.123255916,0.001083295
7C,3.630280961,0.071926758,0.140993315,0.00155814
7C,4.207581269,0.078212748,0.135574178,0.001405658
7C,3.187078523,0.038920672,0.158510967,0.001079704
7C,4.127160987,0.068628271,0.119633148,0.001109586
7C,6.201131687,0.074410458,0.099040968,0.000662881
7C,3.687115597,0.077322233,0.111914869,0.001309071
7C,5.500146193,0.119695159,0.128902562,0.001564666
7C,3.123133176,0.048457854,0.128061789,0.001108284
7C,4.362719939,0.067048185,0.152355801,0.00130601
7C,5.014834626,0.069724806,0.143250662,0.001110926
7C,3.073174375,0.033299217,0.147527753,0.000891617
7C,3.418163954,0.031534758,0.113887973,0.000586047
7C,4.730513392,0.049395786,0.122319558,0.000712419
7C,3.270056122,0.04947559,0.147711864,0.001246548
7C,3.159066193,0.04914294,0.148303987,0.001286806
7C,3.509954933,0.062377914,0.163339115,0.001619113
7C,3.862919201,0.04889412,0.158480225,0.001118855
