sample_id,pb207_u235_ratio,pb207_u235_ratio_2sigma_abs,pb206_u238_ratio,pb206_u238_ratio_2sigma_abs,error_correlation_rho,age_207pb_206pb_ma
5A,18.22190479,0.342163071,0.592987758,0.011134868,0.85,3001.523585
5A,18.2641414,0.43737798,0.593538585,0.014213683,0.85,3003.752256
5A,18.00957149,0.531506525,0.590203075,0.017418337,0.85,2990.244824
5A,18.20517009,0.468260388,0.592769231,0.015246787,0.85,3000.639202
5A,18.19149605,0.345778841,0.592590552,0.011263795,0.85,2999.915994
5A,18.27637736,0.521521907,0.59369797,0.01694135,0.85,3004.39699
5A,18.19932557,0.481467385,0.592692874,0.015679828,0.85,3000.330153
5A,18.23731982,0.265257703,0.593188911,0.008627799,0.85,3002.337547
5A,18.22796676,0.205544844,0.593066878,0.006687627,0.85,3001.843754
5A,18.27628741,0.413652476,0.593696798,0.013437311,0.85,3004.392252
5A,18.17562021,0.310630789,0.592382968,0.010124133,0.85,2999.075688
5A,18.30897665,0.510132442,0.59412219,0.016553683,0.85,3006.112707
5A,18.15264463,0.252190592,0.592082294,0.008225666,0.85,2997.858361
5A,18.24345924,0.198417237,0.593268987,0.006452438,0.85,3002.661546
5A,18.23213155,0.431390083,0.593121224,0.014033829,0.85,3002.063663
5A,18.39656538,0.539942775,0.595259016,0.017470968,0.85,3010.708238
5A,18.14473204,0.315885162,0.591978674,0.010305872,0.85,2997.438786
5A,18.25138944,0.251676206,0.593372388,0.008182265,0.85,3003.079897
5A,18.18231756,0.354811536,0.592470557,0.011561529,0.85,2999.430263
5A,18.11531886,0.423831071,0.591593176,0.01384108,0.85,2995.877594
5A,18.26345869,0.486786264,0.59352969,0.015819682,0.85,3003.716271
5A,18.08271101,0.293795824,0.591165222,0.009604858,0.85,2994.144024
5A,18.13028849,0.473115084,0.591789435,0.015442915,0.85,2996.672451
5A,18.20411521,0.287016313,0.592755451,0.009345716,0.85,3000.583429
5A,18.27562093,0.233837478,0.593688119,0.007596269,0.85,3004.357144
5A,18.25735643,0.185261876,0.593450168,0.006021884,0.85,3003.394568
5A,18.22042847,0.424481634,0.592968486,0.013814397,0.85,3001.445597
5A,18.05585875,0.46249325,0.590812343,0.01513341,0.85,2992.714221
5A,18.14867969,0.387924833,0.592030375,0.012654545,0.85,2997.648137
5A,18.16709738,0.223284554,0.592271468,0.007279373,0.85,2998.624289
5A,18.11142705,0.351758762,0.591542131,0.011488886,0.85,2995.670844
5A,18.03469047,0.456277257,0.590533865,0.014940493,0.85,2991.585651
5A,18.2084721,0.383681422,0.592812363,0.012491498,0.85,3000.813765
5A,18.26042086,0.293609343,0.593490105,0.009542729,0.85,3003.556133
5A,18.16015363,0.340218634,0.592180595,0.011094117,0.85,2998.256375
5A,18.27434405,0.3320553,0.59367149,0.010787351,0.85,3004.289879
5A,18.0728947,0.265288221,0.59103627,0.008675697,0.85,2993.621568
5A,18.10638146,0.282960696,0.59147594,0.009243395,0.85,2995.402739
5A,18.20654949,0.42308981,0.59278725,0.013775386,0.85,3000.712129
5A,18.15274603,0.466125562,0.592083622,0.015203502,0.85,2997.863737
5A,6.085702058,0.07181711,0.322359544,0.005706227,0.85,1988.200192
5A,5.532289334,0.132367809,0.310006686,0.011126019,0.85,1905.627729
5A,8.629459904,0.101422028,0.379139371,0.006684037,0.85,2299.667096
5A,14.75180596,0.433460097,0.515797719,0.022733935,0.85,2799.365409
5A,5.033808341,0.141208633,0.298879973,0.012576293,0.85,1825.027544
5A,8.498547748,0.230585025,0.376217249,0.015311451,0.85,2285.768308
5A,5.208476729,0.119778985,0.302778788,0.010444475,0.85,1854.003729
5A,15.63627058,0.201559092,0.535540066,0.010355056,0.85,2854.836053
5A,15.12849952,0.256237389,0.524205986,0.013318027,0.85,2823.361795
5A,6.851977924,0.079857062,0.339463771,0.005934472,0.85,2092.46633
5A,8.091602803,0.124121249,0.367133734,0.008447479,0.85,2241.30702
5A,10.36111826,0.289315737,0.41779213,0.017499149,0.85,2467.580694
5A,14.20069465,0.348483517,0.503496232,0.018533615,0.85,2763.203663
5A,5.120470628,0.108026822,0.300814383,0.009519444,0.85,1839.507533
5A,9.727945113,0.153880106,0.403658921,0.009577831,0.85,2409.353739
5A,7.734347966,0.144647321,0.359159363,0.010075466,0.85,2200.602421
5A,10.62524235,0.264948836,0.423687707,0.015847483,0.85,2490.916179
5A,11.5873648,0.151396874,0.445163472,0.008724549,0.85,2571.654076
5A,13.29488291,0.3913552,0.483277392,0.021339013,0.85,2700.819043
5A,7.912480205,0.186364019,0.363135495,0.01282949,0.85,2221.102264
5A,14.65508575,0.382241135,0.513638804,0.020095469,0.85,2793.111471
5A,5.59632622,0.110648776,0.311436069,0.009236422,0.85,1915.533189
5A,6.100084963,0.128735954,0.322680588,0.010214758,0.85,1990.259177
5A,6.392873768,0.140137234,0.329215997,0.010825042,0.85,2031.290584
5A,3.836597632,0.046740808,0.272156747,0.004973479,0.85,1600.45845
5A,4.615409724,0.126253513,0.289540798,0.011880487,0.85,1752.058237
5A,6.719114403,0.128186846,0.336498092,0.009629534,0.85,2075.137983
5A,11.86767768,0.134474758,0.451420403,0.007672687,0.85,2594.017933
5A,6.813397456,0.193632732,0.338602607,0.014434329,0.85,2087.464977
5A,13.60535452,0.151127029,0.490207503,0.00816777,0.85,2722.636147
5A,13.39847266,0.219196627,0.485589644,0.01191624,0.85,2708.150618
5A,7.86500067,0.117878676,0.362075693,0.008140051,0.85,2215.678545
5A,7.071493393,0.078063894,0.344363628,0.005702268,0.85,2120.463543
5A,3.894686666,0.101419657,0.273453366,0.010681301,0.85,1612.580863
5A,5.027618538,0.101982514,0.298741809,0.009089723,0.85,1823.985375
5A,4.394154716,0.056224828,0.284602112,0.005462383,0.85,1711.241212
5A,8.205301073,0.135797005,0.36967162,0.009177049,0.85,2253.926508
5A,9.59612922,0.188258864,0.400716627,0.011792014,0.85,2396.800291
5A,10.41468986,0.215109644,0.418987915,0.012980945,0.85,2472.357324
5A,6.40381645,0.174275903,0.329460251,0.013449085,0.85,2032.792409
5A,14.39945373,0.413534981,0.507932781,0.021880827,0.85,2776.394412
5A,14.26962012,0.369615935,0.505034734,0.019622339,0.85,2767.797371
5A,7.05795314,0.140051418,0.344061393,0.010240849,0.85,2118.758767
5A,6.757167797,0.15647753,0.337347491,0.011718068,0.85,2080.131282
5A,9.015847103,0.227655936,0.387764011,0.014686936,0.85,2339.613696
5A,11.43586723,0.32846726,0.441781859,0.019033652,0.85,2559.359106
5A,8.74339027,0.223883512,0.381682437,0.014660058,0.85,2311.610026
5A,8.185867966,0.101255679,0.369237849,0.006850971,0.85,2251.78069
5A,4.448777953,0.045582418,0.28582137,0.004392812,0.85,1721.47165
5A,8.518263212,0.136620572,0.376657323,0.009061555,0.85,2287.873683
5A,3.940514885,0.061780057,0.274476309,0.006454929,0.85,1622.043513
5A,4.555954054,0.048201949,0.288213673,0.004573947,0.85,1741.250094
5A,12.00491665,0.277618269,0.454483747,0.015765165,0.85,2604.790059
5A,4.457550845,0.106813686,0.286017192,0.010280494,0.85,1723.105169
5A,4.547371991,0.059589944,0.288022111,0.005661475,0.85,1739.68046
5A,5.42076759,0.120508391,0.307517383,0.010254569,0.85,1888.14304
5A,15.43880339,0.350895699,0.531132353,0.018107497,0.85,2842.711683
5A,7.058149249,0.169363954,0.34406577,0.012384055,0.85,2118.783478
5A,6.23677252,0.121513375,0.325731624,0.009519527,0.85,2009.621082
5A,14.72109342,0.327099029,0.515112177,0.017168496,0.85,2797.383704
5A,6.386114323,0.104354333,0.329065118,0.00806579,0.85,2030.361776
5A,5.721481142,0.120053196,0.314229682,0.009890169,0.85,1934.618001
5A,8.834012122,0.244949998,0.383705229,0.015959101,0.85,2321.010308
5A,3.921746158,0.104897483,0.274057367,0.010995585,0.85,1618.178786
5A,7.995932793,0.124834332,0.364998261,0.008547654,0.85,2230.565633
5A,10.31856668,0.27389055,0.416842326,0.016596662,0.85,2463.770571
5A,4.402073593,0.076148774,0.284778871,0.007389323,0.85,1712.730749
5A,9.468700269,0.125697243,0.397872255,0.007922647,0.85,2384.515285
5A,13.59675734,0.405270841,0.490015603,0.021908426,0.85,2722.038284
5A,14.1681683,0.264598768,0.502770204,0.014084288,0.85,2761.028625
5A,8.317532741,0.121910457,0.37217677,0.008182518,0.85,2266.23127
5A,11.04303538,0.16424692,0.433013365,0.009660538,0.85,2526.767037
5A,2.745263315,0.057075531,0.190027515,0.005926164,0.85,1340.805123
5A,3.171137909,0.068948399,0.188513833,0.006148137,0.85,1450.158784
5A,3.85104222,0.087097654,0.247958298,0.008411977,0.85,1603.486391
5A,6.597703101,0.144948527,0.323315947,0.010654656,0.85,2059.040441
5A,6.173651175,0.155752893,0.297095234,0.011242968,0.85,2000.72575
5A,1.844667906,0.034683029,0.145374869,0.004099958,0.85,1061.528488
5A,2.546210564,0.027547297,0.167896761,0.002724697,0.85,1285.35268
5A,2.850895291,0.03334517,0.191782106,0.003364736,0.85,1369.046722
5A,1.939668236,0.02363611,0.14024129,0.002563396,0.85,1094.884226
5A,2.487543485,0.036543763,0.169391347,0.003732717,0.85,1268.414089
5A,5.475892352,0.152846927,0.307621577,0.012879822,0.85,1896.823286
5A,4.248470255,0.076212464,0.253533422,0.006822129,0.85,1683.440782
5A,4.741901432,0.142137867,0.252181719,0.01133867,0.85,1774.676768
5A,6.248464594,0.124583961,0.31655547,0.009467382,0.85,2011.260259
5A,7.093202266,0.11963288,0.340651498,0.008618065,0.85,2123.190824
5A,1.605034941,0.026494078,0.122928323,0.00304374,0.85,972.1745323
5A,2.803027,0.046109365,0.197083862,0.004862999,0.85,1356.34597
5A,4.341072707,0.084760079,0.23061578,0.00675421,0.85,1701.19969
5A,2.087044845,0.025123602,0.162732898,0.002938439,0.85,1144.55427
5A,2.100414035,0.022729802,0.150182439,0.002437817,0.85,1148.942135
5A,6.587314929,0.116530178,0.327318127,0.008685429,0.85,2057.65118
5A,5.92540937,0.07253535,0.289901199,0.005323198,0.85,1964.966406
5A,4.524144745,0.121355994,0.284327479,0.011440232,0.85,1735.420052
5A,6.221408715,0.177980147,0.313059194,0.013433852,0.85,2007.463113
5A,5.059048912,0.051527403,0.255143943,0.003898036,0.85,1829.266226
5A,7.067976611,0.190755547,0.343188519,0.013893321,0.85,2120.02104
5A,3.016369224,0.085592112,0.173629987,0.007390354,0.85,1411.76658
5A,2.90455094,0.063942755,0.18075039,0.005968743,0.85,1383.096695
5A,5.923305477,0.078837746,0.29805314,0.005950521,0.85,1964.657893
5A,2.507193663,0.032278547,0.172298924,0.003327361,0.85,1274.119096
5A,4.737128751,0.102761476,0.278723899,0.009069443,0.85,1773.832429
5A,1.847326226,0.040440469,0.129325821,0.004246676,0.85,1062.476913
5A,3.143760328,0.047386812,0.18600237,0.004205502,0.85,1443.472272
5A,4.145624793,0.122993812,0.244512295,0.010881411,0.85,1663.346498
5A,6.213733482,0.172699093,0.323975046,0.01350642,0.85,2006.383345
5A,5.371425011,0.104184255,0.285644793,0.008310557,0.85,1880.309845
5A,2.803356763,0.059988124,0.187204539,0.006008894,0.85,1356.434011
5A,1.853709851,0.019394999,0.129318273,0.002029547,0.85,1064.750825
5A,3.116421277,0.067376366,0.219607204,0.007121792,0.85,1436.750941
5A,3.077013918,0.038838605,0.186786774,0.003536483,0.85,1426.98364
5A,4.972346595,0.137339798,0.256498009,0.01062699,0.85,1814.631583
5A,6.484934204,0.127298135,0.325230248,0.00957632,0.85,2043.856656
5A,2.782078884,0.076602361,0.199409336,0.00823587,0.85,1350.737501
5A,0.90326505,0.019020924,0.094936836,0.002998765,0.85,653.4709436
5A,2.970304381,0.08031306,0.17378507,0.007048374,0.85,1400.053574
5A,3.976065763,0.056206741,0.235002932,0.004983098,0.85,1629.323827
5A,3.805720681,0.069535687,0.254199918,0.006966867,0.85,1593.955442
5A,5.030391977,0.074932367,0.274269963,0.006128259,0.85,1824.452468
5B,18.16306156,0.523103079,0.592218654,0.017056122,0.85,2998.410467
5B,18.20435542,0.46506984,0.592758589,0.015143307,0.85,3000.596129
5B,18.17738648,0.360133259,0.59240607,0.011736843,0.85,2999.169211
5B,18.17705011,0.376834974,0.59240167,0.012281292,0.85,2999.151401
5B,18.1711443,0.229594165,0.592324417,0.007484076,0.85,2998.838653
5B,18.19365254,0.528434535,0.592618738,0.017212608,0.85,3000.030083
5B,18.3035355,0.531975978,0.594051425,0.017265576,0.85,3005.826538
5B,18.22236888,0.384279347,0.592993816,0.01250525,0.85,3001.5481
5B,18.08462153,0.272421171,0.591190313,0.008905509,0.85,2994.245677
5B,18.28215815,0.226316046,0.59377324,0.007350358,0.85,3004.701447
5B,18.21309387,0.29925315,0.592872723,0.00974129,0.85,3001.058049
5B,18.2395231,0.352027951,0.593217651,0.011449268,0.85,3002.453834
5B,18.22045116,0.376028603,0.592968783,0.012237525,0.85,3001.446796
5B,18.22485102,0.542591686,0.593026215,0.017655623,0.85,3001.679206
5B,18.22930515,0.45267544,0.593084343,0.014727644,0.85,3001.914429
5B,18.03088594,0.235439058,0.590483787,0.007710267,0.85,2991.382683
5B,18.23826903,0.306908874,0.593201293,0.009982238,0.85,3002.387647
5B,18.12589989,0.305386494,0.591731911,0.009969543,0.85,2996.43949
5B,18.14739193,0.407484712,0.592013511,0.013293175,0.85,2997.579849
5B,18.19290244,0.470699647,0.592608935,0.015332398,0.85,2999.990401
5B,18.34650714,0.522429016,0.594609834,0.016931911,0.85,3008.084372
5B,18.09858422,0.412290689,0.591373623,0.013471653,0.85,2994.98828
5B,18.18971856,0.543279054,0.592567318,0.017698427,0.85,2999.821946
5B,18.16892003,0.204241593,0.592295316,0.006658147,0.85,2998.72084
5B,18.2806455,0.22998151,0.593753546,0.007469777,0.85,3004.621789
5B,18.16637503,0.411389484,0.592262016,0.013412162,0.85,2998.586021
5B,18.21418308,0.517957617,0.592886946,0.016859955,0.85,3001.11561
5B,18.09883173,0.443848556,0.591376871,0.014502691,0.85,2995.001439
5B,18.29777331,0.424490519,0.593976467,0.013779676,0.85,3005.523396
5B,18.059642,0.351362606,0.590862086,0.011495623,0.85,2992.91579
5B,18.23692769,0.307370155,0.593183795,0.009997682,0.85,3002.316849
5B,18.21478482,0.429174596,0.592894803,0.013969717,0.85,3001.147409
5B,18.22850037,0.19696031,0.593073841,0.006408207,0.85,3001.871932
5B,18.06082207,0.502989448,0.5908776,0.016455796,0.85,2992.978655
5B,18.16450413,0.42141494,0.592237533,0.01373986,0.85,2998.486901
5B,18.27553805,0.529089839,0.59368704,0.017187663,0.85,3004.352778
5B,18.36342402,0.454865947,0.594829379,0.014734051,0.85,3008.97185
5B,18.18271554,0.386135031,0.592475761,0.01258204,0.85,2999.451329
5B,18.26569451,0.36857766,0.593558821,0.011977235,0.85,3003.834114
5B,18.20544659,0.334725701,0.592772843,0.010898733,0.85,3000.653821
5B,6.258418181,0.074065085,0.326621889,0.005798097,0.85,2012.653626
5B,5.779053806,0.080653613,0.321828135,0.006737245,0.85,1943.2782
5B,5.075395751,0.078684117,0.299762748,0.006970856,0.85,1832.001961
5B,14.35172192,0.299112571,0.503546956,0.015742072,0.85,2773.242265
5B,5.73023029,0.094032066,0.314603355,0.007743878,0.85,1935.938835
5B,6.418719762,0.134093269,0.335074827,0.010500056,0.85,2034.834242
5B,7.927869831,0.225765834,0.366189965,0.015642257,0.85,2222.854065
5B,4.526971137,0.088783649,0.286932448,0.008441044,0.85,1735.939433
5B,8.489988919,0.184396001,0.374971413,0.012216134,0.85,2284.852967
5B,8.924126751,0.090581142,0.389463043,0.005929657,0.85,2330.272466
5B,10.21894871,0.125836986,0.415635235,0.00767725,0.85,2454.794332
5B,9.823849093,0.219989093,0.398426473,0.013383167,0.85,2418.390566
5B,3.912459077,0.060301335,0.271640991,0.006280058,0.85,1616.261001
5B,4.333605353,0.080041292,0.280166701,0.00776198,0.85,1699.779089
5B,7.129116934,0.213791082,0.34920745,0.015708279,0.85,2127.686754
5B,7.986014675,0.153524565,0.357743783,0.010315995,0.85,2229.445544
5B,9.120346978,0.242987946,0.38533152,0.015399236,0.85,2350.152764
5B,4.599829129,0.091192298,0.290440392,0.008637036,0.85,1749.237026
5B,4.042902069,0.083594279,0.278573147,0.008640002,0.85,1642.871223
5B,5.724190658,0.151476351,0.324121437,0.012865592,0.85,1935.027233
5B,7.768927102,0.117691781,0.353090179,0.008023465,0.85,2204.614369
5B,4.756669938,0.068418915,0.304033048,0.006559719,0.85,1777.28504
5B,12.53016729,0.169244095,0.469157728,0.009505321,0.85,2644.993458
5B,4.548999401,0.086315399,0.290571492,0.008270212,0.85,1739.978295
5B,9.044919835,0.130391188,0.396097257,0.008565182,0.85,2342.556752
5B,5.992570725,0.159228228,0.324374882,0.012928418,0.85,1974.765965
5B,5.25002891,0.079819828,0.312657623,0.007130326,0.85,1860.776859
5B,9.070315111,0.13980925,0.387885231,0.008968257,0.85,2345.120575
5B,7.835522139,0.078522504,0.358094478,0.005382885,0.85,2212.296495
5B,12.53485983,0.243165235,0.467720073,0.013610036,0.85,2645.345552
5B,8.701347004,0.121033389,0.370336455,0.00772692,0.85,2307.219112
5B,5.834145019,0.078893778,0.318307661,0.0064566,0.85,1951.496546
5B,14.06912479,0.241248804,0.50740112,0.013050909,0.85,2754.376742
5B,11.30705553,0.135646461,0.443333004,0.007977747,0.85,2548.786839
5B,15.60485903,0.391454604,0.524535716,0.019737306,0.85,2852.917059
5B,4.805518817,0.079188863,0.291074459,0.007194808,0.85,1785.864838
5B,7.830411292,0.098358205,0.366654647,0.006908352,0.85,2211.708984
5B,10.209126,0.175325974,0.421094303,0.010847467,0.85,2453.904928
5B,8.662461543,0.1544503,0.390174139,0.010435113,0.85,2303.14102
5B,10.47728771,0.220944839,0.417726726,0.01321352,0.85,2477.910444
5B,10.35624797,0.253337397,0.42118108,0.015454572,0.85,2467.145326
5B,9.404673471,0.249560512,0.396844545,0.01579588,0.85,2378.286112
5B,4.126542091,0.073657516,0.272774897,0.007303423,0.85,1659.573921
5B,4.216716531,0.089619396,0.273836018,0.008729903,0.85,1677.278963
5B,5.120661582,0.078893192,0.297972122,0.006886211,0.85,1839.539211
5B,14.01859065,0.410346554,0.493385735,0.021663284,0.85,2750.965945
5B,8.488905589,0.147704303,0.368816477,0.009625937,0.85,2284.73705
5B,9.168889949,0.147398455,0.388933101,0.009378693,0.85,2355.011478
5B,4.515207854,0.059907028,0.281811293,0.005608538,0.85,1733.776048
5B,6.258016918,0.127945268,0.321533375,0.009860633,0.85,2012.597492
5B,12.23486619,0.354155281,0.466533432,0.020256692,0.85,2622.586917
5B,9.373537703,0.257099096,0.391770489,0.016118328,0.85,2375.243044
5B,6.272871839,0.187376076,0.329574095,0.014766992,0.85,2014.673544
5B,3.888631351,0.080486748,0.272176733,0.008450256,0.85,1611.323935
5B,4.139945703,0.121611097,0.275070362,0.012120307,0.85,1662.225228
5B,11.1335079,0.304457584,0.426036803,0.017475642,0.85,2534.366526
5B,5.327964172,0.066805772,0.313723847,0.005900536,0.85,1873.359972
5B,5.181931054,0.124867782,0.295426565,0.010678237,0.85,1849.652933
5B,8.195266385,0.096663697,0.368426275,0.006518418,0.85,2252.819037
5B,16.3809029,0.175333316,0.539446652,0.008660967,0.85,2899.29641
5B,13.77578363,0.395689253,0.496494027,0.021391598,0.85,2734.416002
5B,7.219929021,0.187802429,0.344861985,0.013455655,0.85,2138.966923
5B,6.363759992,0.092392753,0.3338222,0.007269936,0.85,2027.284024
5B,8.676657146,0.118489952,0.380995732,0.007804417,0.85,2304.631675
5B,10.79322321,0.263766252,0.421746847,0.01546006,0.85,2505.483131
5B,13.00755827,0.265237016,0.488893646,0.01495354,0.85,2680.202123
5B,8.12547028,0.149795655,0.361458219,0.009995398,0.85,2245.082435
5B,8.462790865,0.194336776,0.372508801,0.012831256,0.85,2281.938729
5B,4.987405462,0.084553842,0.297662075,0.007569609,0.85,1817.18858
5B,6.207766084,0.162907048,0.322277707,0.012686039,0.85,2005.543045
5B,7.449695851,0.094038281,0.362627084,0.006866219,0.85,2166.959889
5B,12.82815476,0.156689306,0.47402648,0.008684984,0.85,2667.113483
5B,4.19103319,0.101268568,0.273540365,0.009914396,0.85,1672.267605
5B,5.802714983,0.121884832,0.290939617,0.00916669,0.85,1946.816058
5B,4.714439833,0.124513738,0.290148092,0.011494714,0.85,1769.80888
5B,6.38568194,0.103939333,0.31884456,0.007784718,0.85,2030.302333
5B,6.365024376,0.182040123,0.317718167,0.013630141,0.85,2027.458354
5B,2.852981967,0.073689756,0.18103327,0.007013871,0.85,1369.596776
5B,6.195031238,0.130363616,0.323668496,0.010216558,0.85,2003.747456
5B,4.871425078,0.135415778,0.284055066,0.011844236,0.85,1797.32688
5B,5.625505804,0.089591764,0.298178345,0.007123179,0.85,1920.014943
5B,6.955002505,0.096246268,0.343319575,0.007126502,0.85,2105.702367
5B,4.566561308,0.067151868,0.248513311,0.00548163,0.85,1743.186784
5B,3.684174018,0.093714286,0.209326228,0.007986943,0.85,1567.943947
5B,4.597460862,0.065099869,0.248551879,0.005279228,0.85,1748.807511
5B,5.315006311,0.073931294,0.283284165,0.005910689,0.85,1871.278626
5B,3.898049288,0.0704264,0.219585057,0.005950894,0.85,1613.278186
5B,3.379424228,0.046323476,0.242195461,0.004979843,0.85,1499.636758
5B,4.643104097,0.070085646,0.260065252,0.005888359,0.85,1757.053649
5B,3.093215476,0.040950558,0.183337842,0.003640768,0.85,1431.010653
5B,4.356856586,0.047972127,0.243594399,0.004023225,0.85,1704.195913
5B,3.914419333,0.096167494,0.243272776,0.008964906,0.85,1616.666096
5B,2.77151506,0.040926327,0.171067603,0.003789174,0.85,1347.89744
5B,4.312061555,0.106639285,0.23624716,0.008763753,0.85,1695.669391
5B,4.668323815,0.138573148,0.273011055,0.01215597,0.85,1761.581409
5B,4.197285119,0.065817738,0.23272155,0.005473969,0.85,1673.489767
5B,3.010141746,0.066606179,0.212267599,0.00704535,0.85,1410.190982
5B,5.433574686,0.060335495,0.297101491,0.004948611,0.85,1890.166343
5B,5.809548964,0.158787618,0.316008886,0.012955816,0.85,1947.835596
5B,3.219359118,0.033943772,0.221619235,0.003505011,0.85,1461.829973
5B,2.282326523,0.052057093,0.174896229,0.005983756,0.85,1206.836043
5B,1.924975116,0.05401067,0.137444048,0.005784577,0.85,1089.796389
5B,4.015220915,0.119639375,0.27023571,0.012078102,0.85,1637.282298
5B,6.545320307,0.149032693,0.315999475,0.010792654,0.85,2052.01558
5B,3.492095209,0.053129001,0.215075882,0.004908271,0.85,1525.429489
5B,5.588325983,0.141387375,0.285643638,0.010840385,0.85,1914.300952
5B,5.827807652,0.122883472,0.29031334,0.009182195,0.85,1950.554535
5B,3.241261561,0.037214256,0.206989,0.003564789,0.85,1467.087133
5B,5.778862037,0.145676061,0.311450377,0.011776764,0.85,1943.249476
5B,3.929573773,0.097258141,0.234926119,0.008721739,0.85,1619.792383
5B,5.611082471,0.106675259,0.269964446,0.007698655,0.85,1917.802105
5B,6.539844983,0.069603451,0.338755571,0.005408054,0.85,2051.278492
5B,4.749079656,0.086647775,0.27239664,0.007454885,0.85,1775.945354
5B,3.639198184,0.052691635,0.246662466,0.005357107,0.85,1558.14748
5B,6.34562912,0.144556885,0.315700105,0.01078773,0.85,2024.780889
5B,3.27709811,0.097370522,0.212211245,0.009457965,0.85,1475.630571
5B,1.431984481,0.028797289,0.122654628,0.003699887,0.85,902.378619
5B,3.973660117,0.107330219,0.231535578,0.009380809,0.85,1628.832828
5B,4.9329742,0.11403782,0.275238045,0.009544206,0.85,1807.915559
5B,6.863327722,0.151894548,0.337169135,0.011193,0.85,2093.932976
5C,18.25514749,0.344237872,0.593421377,0.011190165,0.85,3003.27809
5C,18.32704804,0.477512061,0.594357096,0.015486001,0.85,3007.062565
5C,18.22050098,0.186219594,0.592969433,0.006060345,0.85,3001.449427
5C,18.17333809,0.510272509,0.592353116,0.01663214,0.85,2998.954839
5C,18.15807304,0.236069323,0.592153361,0.007698462,0.85,2998.146109
5C,18.27566892,0.423990491,0.593688744,0.013773416,0.85,3004.359672
5C,18.13493483,0.39876067,0.591850324,0.013013922,0.85,2996.919036
5C,18.09274214,0.359706729,0.591296938,0.011755735,0.85,2994.677636
5C,18.26218523,0.356928168,0.593513096,0.011600011,0.85,3003.649144
5C,18.32826778,0.265545769,0.594372945,0.008611464,0.85,3007.126645
5C,18.26171343,0.311257207,0.593506949,0.010115881,0.85,3003.624273
5C,18.14995859,0.188192493,0.592047123,0.006138792,0.85,2997.71595
5C,18.00424989,0.411940623,0.590132948,0.013502353,0.85,2989.960535
5C,18.09282798,0.461963611,0.591298065,0.015097595,0.85,2994.682201
5C,18.04609791,0.437331238,0.590683968,0.014314704,0.85,2992.193985
5C,18.29015682,0.356666268,0.593877358,0.011580875,0.85,3005.122563
5C,18.08593181,0.269685131,0.59120752,0.008815685,0.85,2994.315387
5C,18.16792124,0.262922639,0.592282248,0.008571394,0.85,2998.667932
5C,18.04705302,0.329874979,0.590696532,0.010797109,0.85,2992.244903
5C,18.15060357,0.48077883,0.592055569,0.015682552,0.85,2997.750148
5C,18.1407419,0.254459577,0.591926407,0.008302932,0.85,2997.227138
5C,18.25015307,0.189020835,0.59335627,0.006145521,0.85,3003.014685
5C,18.25168574,0.53000296,0.593376251,0.017230801,0.85,3003.095525
5C,18.19614348,0.459641607,0.592651292,0.0149706,0.85,3000.161851
5C,18.14873024,0.510306802,0.592031037,0.016646755,0.85,2997.650817
5C,18.11946547,0.38062601,0.591647553,0.012428427,0.85,2996.097833
5C,18.24531185,0.492546497,0.593293146,0.016016414,0.85,3002.759294
5C,18.30591186,0.408125452,0.594082333,0.013244908,0.85,3005.951529
5C,18.13494837,0.388755978,0.591850502,0.012687404,0.85,2996.919755
5C,18.16312004,0.450361836,0.59221942,0.014684318,0.85,2998.413566
5C,18.08999098,0.44493446,0.591260819,0.014542424,0.85,2994.531315
5C,18.01233599,0.350328651,0.590239499,0.011479788,0.85,2990.392477
5C,18.18787681,0.295449063,0.592543242,0.009625442,0.85,2999.72449
5C,18.13805183,0.447329513,0.591891165,0.01459751,0.85,2997.084425
5C,18.27512702,0.246643814,0.593681687,0.008012416,0.85,3004.331126
5C,18.03128913,0.347615229,0.590489095,0.011383712,0.85,2991.404194
5C,18.11167602,0.447049175,0.591545396,0.014601072,0.85,2995.684072
5C,18.06590716,0.491234104,0.590944443,0.016068502,0.85,2993.249504
5C,18.18993741,0.491754838,0.592570179,0.016019805,0.85,2999.833526
5C,18.12918028,0.405607998,0.59177491,0.013239906,0.85,2996.613629
5C,5.978183814,0.093872121,0.321174941,0.007564849,0.85,1972.674706
5C,10.888272,0.316407775,0.417616096,0.018203574,0.85,2513.633922
5C,6.128578813,0.080001259,0.325989143,0.006383097,0.85,1994.325927
5C,5.664596661,0.103588906,0.316800445,0.00869003,0.85,1925.988156
5C,6.948937645,0.160011102,0.357678952,0.012354249,0.85,2104.927949
5C,15.06786985,0.394869367,0.520297069,0.020452397,0.85,2819.537611
5C,9.751998017,0.164775855,0.401755858,0.010182477,0.85,2411.62776
5C,9.130437347,0.2011203,0.388917889,0.012850307,0.85,2351.164635
5C,4.937925681,0.146261834,0.301370312,0.013389926,0.85,1808.762614
5C,8.222651523,0.097142696,0.370428732,0.006564387,0.85,2255.838534
5C,9.021611569,0.181252339,0.385445326,0.011615918,0.85,2340.197916
5C,4.539570187,0.093580814,0.285428916,0.008825947,0.85,1738.251423
5C,6.309642889,0.107120152,0.317969937,0.008097365,0.85,2019.794304
5C,5.907944156,0.084345453,0.311979363,0.006681015,0.85,1962.402474
5C,4.558115867,0.067320312,0.278281892,0.006165055,0.85,1741.645101
5C,5.793169277,0.119715821,0.313120971,0.009705966,0.85,1945.390252
5C,13.1122528,0.141496997,0.48171274,0.007797391,0.85,2687.763022
5C,9.794177008,0.137532635,0.402317213,0.00847418,0.85,2415.603211
5C,5.015873093,0.081716755,0.302166433,0.007384176,0.85,1822.004865
5C,5.405541753,0.136962976,0.299588942,0.011386257,0.85,1885.73236
5C,5.457043301,0.138618801,0.293005338,0.011164301,0.85,1893.863553
5C,4.595049548,0.087141998,0.285361848,0.008117541,0.85,1748.370003
5C,11.57451423,0.322637994,0.4430746,0.018525965,0.85,2570.616932
5C,8.953543837,0.179550666,0.384595384,0.011568775,0.85,2333.277811
5C,14.48184085,0.219174482,0.492023858,0.011169755,0.85,2781.812235
5C,13.25924199,0.163138015,0.487004481,0.008987951,0.85,2698.284263
5C,7.648773208,0.086817754,0.347148677,0.005910491,0.85,2190.605153
5C,7.262412057,0.202581873,0.359958856,0.015061347,0.85,2144.20121
5C,12.61108663,0.165530934,0.479313947,0.009437088,0.85,2651.048032
5C,15.86996497,0.194889261,0.520125708,0.009581015,0.85,2869.000173
5C,13.35051198,0.143852122,0.477206155,0.007712864,0.85,2704.762776
5C,5.754246088,0.14368519,0.32248664,0.012078877,0.85,1939.555625
5C,4.418495576,0.070419198,0.28153233,0.006730327,0.85,1715.812771
5C,6.405839497,0.112597741,0.331134116,0.008730695,0.85,2033.069818
5C,7.081663734,0.079133157,0.339074869,0.005683424,0.85,2121.742153
5C,9.733953909,0.206750967,0.383184271,0.012208356,0.85,2409.922303
5C,6.756514395,0.142723299,0.334220573,0.010590016,0.85,2080.045751
5C,11.67224228,0.195865741,0.460832391,0.011599478,0.85,2578.477894
5C,5.684430249,0.079558709,0.314830047,0.006609494,0.85,1929.005411
5C,11.59107003,0.18525431,0.430715518,0.010325868,0.85,2571.952922
5C,4.699292749,0.096026684,0.302686797,0.009277782,0.85,1767.113863
5C,8.463286632,0.149746596,0.382152331,0.010142516,0.85,2281.991925
5C,13.06309279,0.260292246,0.481344965,0.014386757,0.85,2684.219762
5C,4.259044784,0.06496999,0.274084543,0.006271572,0.85,1685.4845
5C,9.779263756,0.267606901,0.399853689,0.016412832,0.85,2414.199387
5C,10.33202926,0.253730026,0.402706421,0.014834266,0.85,2464.977574
5C,10.51745568,0.123880639,0.43232581,0.007638273,0.85,2481.457856
5C,4.938638276,0.131437308,0.294042121,0.01173849,0.85,1808.88446
5C,16.69562417,0.254881169,0.552075559,0.012642264,0.85,2917.517782
5C,9.591372796,0.154513297,0.384474014,0.009290591,0.85,2396.3444
5C,12.93952137,0.16401786,0.45492398,0.008649739,0.85,2675.258232
5C,5.795340006,0.063430036,0.316947074,0.005203482,0.85,1945.714661
5C,5.453809773,0.119125693,0.29950728,0.009813052,0.85,1893.354946
5C,4.835018576,0.073261886,0.305165343,0.006935957,0.85,1791.01127
5C,13.35377938,0.334665281,0.474738788,0.017846475,0.85,2704.993937
5C,4.26589824,0.0707956,0.279720867,0.006963249,0.85,1686.806861
5C,4.015696868,0.079279126,0.271214177,0.008031591,0.85,1637.378655
5C,15.54326533,0.193931357,0.518979842,0.009712869,0.85,2849.143616
5C,6.168272772,0.133996633,0.316342282,0.010308105,0.85,1999.964187
5C,10.92817632,0.20482201,0.420062149,0.011809561,0.85,2517.036462
5C,5.431828721,0.106613261,0.305018668,0.008980134,0.85,1889.890747
5C,7.376477311,0.170740954,0.344815321,0.011971994,0.85,2158.123021
5C,4.867198364,0.075262125,0.310216322,0.007195373,0.85,1796.595664
5C,8.454038517,0.122032015,0.35886531,0.007770202,0.85,2280.999144
5C,5.158950798,0.097633146,0.306517,0.008701252,0.85,1845.87139
5C,4.159382796,0.053490278,0.284993761,0.005497593,0.85,1666.057734
5C,14.04927086,0.170206955,0.471880211,0.008575245,0.85,2753.038069
5C,9.751597904,0.119129571,0.417052789,0.007642335,0.85,2411.589974
5C,6.593035539,0.182451219,0.336251572,0.013957799,0.85,2058.41646
5C,8.932202092,0.095374087,0.358408172,0.005740385,0.85,2331.098355
5C,5.725442961,0.164932997,0.317447935,0.013717097,0.85,1935.216318
5C,12.52983192,0.353893911,0.466857823,0.019778973,0.85,2644.968289
5C,1.724227443,0.041053702,0.123111251,0.004396902,0.85,1017.601544
5C,2.351570289,0.047369567,0.148725719,0.004493852,0.85,1228.033689
5C,5.292494205,0.086761505,0.297676768,0.007319862,0.85,1867.652462
5C,5.098842242,0.053541943,0.250205926,0.003941045,0.85,1835.913039
5C,6.845852739,0.151148852,0.332399184,0.011008509,0.85,2091.673939
5C,6.03650758,0.151034476,0.32590615,0.012231343,0.85,1981.126024
5C,2.620096237,0.030222308,0.209361659,0.00362242,0.85,1306.290918
5C,7.167935119,0.181730241,0.337410079,0.012831648,0.85,2132.523874
5C,4.236751521,0.122230673,0.260565634,0.011276014,0.85,1681.17111
5C,3.063003438,0.068255895,0.21931859,0.007330935,0.85,1423.488311
5C,4.979492557,0.076797507,0.254118197,0.005878805,0.85,1815.845771
5C,5.394532403,0.078580668,0.271089949,0.005923339,0.85,1883.985697
5C,3.899563204,0.045424295,0.220685707,0.003856006,0.85,1613.591978
5C,2.51196364,0.066463336,0.152590168,0.00605601,0.85,1275.499134
5C,3.19861797,0.078648288,0.184720586,0.006812923,0.85,1456.826335
5C,1.983779129,0.037805679,0.167700182,0.004793895,0.85,1110.007271
5C,3.369087177,0.060244945,0.23057126,0.006184503,0.85,1497.237248
5C,3.704662817,0.082560771,0.229560462,0.007673852,0.85,1572.375596
5C,4.615107188,0.11497598,0.268618491,0.010038123,0.85,1752.003531
5C,2.581708815,0.038146572,0.151447447,0.003356615,0.85,1295.466324
5C,5.028688388,0.13827393,0.270639511,0.011162669,0.85,1824.165581
5C,7.084980584,0.125809988,0.33139444,0.008826996,0.85,2122.158797
5C,3.062778588,0.090167855,0.200367701,0.008848204,0.85,1423.432117
5C,6.323931304,0.064774878,0.327201359,0.005027196,0.85,2021.777171
5C,3.07320663,0.078963519,0.211203364,0.008140045,0.85,1426.034989
5C,5.315817339,0.082081024,0.249401492,0.005776477,0.85,1871.409022
5C,5.614733708,0.075796416,0.29216687,0.005916185,0.85,1918.362736
5C,3.575022852,0.051859091,0.231025098,0.005026857,0.85,1544.003344
5C,4.858354562,0.114089038,0.27016412,0.009516421,0.85,1795.063992
5C,2.961832365,0.055994357,0.173018009,0.004906438,0.85,1397.884588
5C,1.675674268,0.042028946,0.124635226,0.004689116,0.85,999.341434
5C,3.674588706,0.083618209,0.225083065,0.007682918,0.85,1565.864022
5C,5.41039669,0.144550972,0.287406609,0.011518075,0.85,1886.501655
5C,2.529994724,0.059681828,0.159179012,0.005632479,0.85,1280.698966
5C,1.509028163,0.025013045,0.141646,0.003521801,0.85,934.0462934
5C,4.776201309,0.101128831,0.291838055,0.009268843,0.85,1780.724226
5C,4.971523555,0.144756899,0.24962225,0.010902455,0.85,1814.491645
5C,3.028872263,0.057622192,0.189105761,0.005396409,0.85,1414.922578
5C,3.036175851,0.033134533,0.160972918,0.002635106,0.85,1416.761611
5C,4.250301021,0.047961149,0.244608873,0.004140315,0.85,1683.794905
5C,4.166784658,0.119965467,0.259188187,0.011193391,0.85,1667.5134
5C,3.868851945,0.046755092,0.226191091,0.00410028,0.85,1607.207361
5C,6.640579729,0.127198337,0.310254066,0.008914237,0.85,2064.754512
5C,7.226562375,0.072408709,0.349105918,0.005246957,0.85,2139.785991
5C,6.840019668,0.197179559,0.326315241,0.0141102,0.85,2090.918762
5C,8.37997903,0.098622091,0.342696913,0.006049684,0.85,2273.013685
5C,3.733710606,0.111792449,0.249262793,0.011194908,0.85,1578.625555
5C,2.563605034,0.033285037,0.174382231,0.003396186,0.85,1290.321046
6A,18.01786425,0.422884216,0.590312323,0.013854792,0.85,2990.687679
6A,18.4718137,0.241975284,0.596232225,0.007810465,0.85,3014.639761
6A,18.60311748,0.503918564,0.597922854,0.016196448,0.85,3021.463785
6A,18.26222013,0.441530108,0.593513551,0.014349521,0.85,3003.650984
6A,18.64499592,0.189240368,0.598460062,0.006074166,0.85,3023.63065
6A,18.22888945,0.428066933,0.593078919,0.013927205,0.85,3001.892478
6A,17.94244838,0.391070011,0.589317326,0.012844642,0.85,2986.653145
6A,18.37336541,0.399858209,0.594958322,0.012948035,0.85,3009.493025
6A,19.08046978,0.456894173,0.603989794,0.014462926,0.85,3045.892968
6A,17.83986311,0.252483006,0.587958499,0.008321226,0.85,2981.139263
6A,18.63163245,0.514943747,0.598288743,0.016535591,0.85,3022.939702
6A,18.35602217,0.356764529,0.594733339,0.011559136,0.85,3008.583636
6A,18.00194403,0.210941815,0.590102557,0.006914659,0.85,2989.837327
6A,17.66322409,0.180584123,0.585604092,0.005987061,0.85,2971.574312
6A,17.56758407,0.253845354,0.584321469,0.008443238,0.85,2966.357586
6A,18.04137361,0.241265443,0.590621813,0.007898325,0.85,2991.942093
6A,18.30580917,0.336196187,0.594080997,0.010910622,0.85,3005.946128
6A,18.44818725,0.479044378,0.595926999,0.015474446,0.85,3013.406981
6A,18.51928482,0.509389405,0.596844555,0.01641674,0.85,3017.112192
6A,18.27932042,0.466740028,0.593736293,0.015160328,0.85,3004.552004
6A,18.23329052,0.515411767,0.593136345,0.016766554,0.85,3002.12485
6A,18.099056,0.302754163,0.591379815,0.009892378,0.85,2995.013362
6A,18.31299992,0.187455196,0.594174504,0.006082078,0.85,3006.324252
6A,18.00596923,0.529301206,0.590155607,0.01734814,0.85,2990.052394
6A,17.852944,0.389972119,0.588132112,0.012846908,0.85,2981.844019
6A,18.21538767,0.37995175,0.592902675,0.012367259,0.85,3001.179265
6A,18.42370979,0.288686839,0.595610449,0.009332805,0.85,3012.128216
6A,17.79840673,0.243239491,0.587407606,0.008027726,0.85,2978.902491
6A,18.04140084,0.415245307,0.590622171,0.013593905,0.85,2991.943545
6A,18.2047634,0.520872605,0.592763919,0.016960093,0.85,3000.6177
6A,18.198766,0.480275616,0.592685562,0.015641304,0.85,3000.300559
6A,18.34791301,0.44401984,0.594628085,0.014390011,0.85,3008.158155
6A,18.73591019,0.515274964,0.599622979,0.01649083,0.85,3028.31886
6A,17.56972153,0.273461173,0.584350195,0.009095027,0.85,2966.474468
6A,18.75244057,0.41489798,0.599833939,0.013271333,0.85,3029.168967
6A,18.71930746,0.277530001,0.599410944,0.008886788,0.85,3027.464314
6A,18.45346103,0.387112125,0.595995157,0.012502638,0.85,3013.682286
6A,18.25678317,0.405449313,0.593442696,0.013179262,0.85,3003.364341
6A,18.01122542,0.476173833,0.590224867,0.015604137,0.85,2990.333164
6A,18.44955387,0.387054863,0.595944663,0.012502377,0.85,3013.478329
6A,7.165076925,0.085705759,0.346452528,0.006216188,0.85,2132.1685
6A,4.617069329,0.11768151,0.289577842,0.011071295,0.85,1752.358284
6A,6.862212135,0.19067368,0.339692211,0.014158051,0.85,2093.788911
6A,5.177468363,0.061255647,0.302086643,0.00536107,0.85,1848.919671
6A,10.45158434,0.17018417,0.419811445,0.010253746,0.85,2475.633945
6A,14.17556522,0.365702927,0.502935312,0.019462178,0.85,2761.523667
6A,8.612638556,0.238838443,0.378763897,0.015755342,0.85,2297.89181
6A,15.28309216,0.19918873,0.527656686,0.010315641,0.85,2833.047955
6A,12.5151154,0.346120367,0.465872015,0.019326365,0.85,2643.863247
6A,9.681436386,0.183648767,0.402620789,0.01145607,0.85,2404.942192
6A,10.26303855,0.126011076,0.41560287,0.007654249,0.85,2458.77691
6A,6.135436108,0.117016777,0.32346967,0.009253958,0.85,1995.3022
6A,7.352800095,0.080509264,0.350642742,0.005759028,0.85,2155.248843
6A,5.188221952,0.071254222,0.302326676,0.00622816,0.85,1850.685688
6A,6.40869961,0.084874246,0.329569249,0.006547024,0.85,2033.46188
6A,10.34767017,0.215591343,0.417491952,0.013047524,0.85,2466.37808
6A,14.47912192,0.173261977,0.509711074,0.009149058,0.85,2781.633896
6A,9.641055894,0.255875169,0.401719446,0.015992548,0.85,2401.096326
6A,6.336022892,0.063464725,0.327947015,0.004927318,0.85,2023.452156
6A,6.768739153,0.077195219,0.337605778,0.005775422,0.85,2081.644799
6A,5.600795472,0.064592704,0.311535828,0.005389308,0.85,1916.220915
6A,6.708027684,0.158042682,0.336250623,0.011883214,0.85,2073.678572
6A,11.68482464,0.286748145,0.447338897,0.016466691,0.85,2579.485576
6A,4.344104777,0.091524325,0.283484935,0.008958958,0.85,1701.775948
6A,5.741102615,0.075128496,0.314667657,0.006176647,0.85,1937.577808
6A,9.043205908,0.154042402,0.388374694,0.00992339,0.85,2342.383487
6A,5.72837422,0.058772357,0.314383544,0.0048383,0.85,1935.658773
6A,11.25042056,0.269009263,0.437642459,0.01569673,0.85,2544.103435
6A,14.23082214,0.279923585,0.504168715,0.014875674,0.85,2765.214141
6A,8.723316147,0.11035803,0.381234358,0.007234452,0.85,2309.515894
6A,3.935356418,0.102469348,0.274361165,0.01071578,0.85,1620.982782
6A,4.227504569,0.08361797,0.280882274,0.008333571,0.85,1679.376582
6A,15.77739322,0.229743902,0.538690098,0.011766275,0.85,2863.413046
6A,13.08501941,0.286499772,0.478592979,0.015718369,0.85,2685.801675
6A,6.313832244,0.130489055,0.327451692,0.010151251,0.85,2020.376081
6A,10.49093834,0.124680577,0.420689875,0.007499595,0.85,2479.117382
6A,13.04252962,0.243471139,0.477644554,0.013374629,0.85,2682.733974
6A,10.01500165,0.293699315,0.410066379,0.018038372,0.85,2436.166045
6A,5.227967603,0.0856523,0.303213848,0.007451547,0.85,1857.186426
6A,11.71142774,0.133876727,0.447932711,0.007680673,0.85,2581.612846
6A,3.834017947,0.043245617,0.272099165,0.004603694,0.85,1599.916733
6A,5.395198301,0.100786147,0.306946645,0.008600973,0.85,1884.091428
6A,5.668188772,0.152901896,0.31304013,0.012666594,0.85,1926.535284
6A,7.84068444,0.116461456,0.361532925,0.008055034,0.85,2212.889576
6A,9.79401515,0.199948856,0.405133686,0.012406457,0.85,2415.587986
6A,10.21948444,0.239521739,0.414630688,0.014577017,0.85,2454.842817
6A,4.892361748,0.060283614,0.29572271,0.005465837,0.85,1800.941152
6A,5.951834414,0.13051569,0.319371452,0.010505077,0.85,1968.833395
6A,4.649913014,0.087515258,0.197688497,0.005580995,0.85,1758.278062
6A,0.918831844,0.016986195,0.088889083,0.002464903,0.85,661.7419772
6A,0.83504423,0.024124923,0.086445812,0.003746206,0.85,616.4071533
6A,3.234837845,0.034182128,0.156424493,0.002479377,0.85,1465.548092
6A,1.435699783,0.032962615,0.103961103,0.003580306,0.85,903.9286191
6A,12.01373032,0.315362288,0.412419555,0.016239116,0.85,2605.47797
6A,2.624456235,0.033276909,0.138625587,0.002636564,0.85,1307.513096
6A,2.658053608,0.068406961,0.139605296,0.005389267,0.85,1316.881967
6A,12.77242187,0.230571088,0.434543222,0.011766731,0.85,2663.012822
6A,8.140687857,0.2151768,0.299480509,0.011873921,0.85,2246.774271
6A,2.316604486,0.038399369,0.12964854,0.003223525,0.85,1217.384896
6A,4.541994806,0.049092781,0.194541571,0.003154094,0.85,1738.69575
6A,4.004808998,0.066327711,0.178877076,0.004443848,0.85,1635.172107
6A,1.14006774,0.033993761,0.095340386,0.004264192,0.85,772.5414863
6A,1.276986405,0.024292004,0.099332974,0.002834404,0.85,835.510805
6A,1.250822607,0.028011287,0.09857003,0.003311109,0.85,823.7759584
6A,4.848567294,0.102046123,0.203481314,0.006423902,0.85,1793.366223
6A,3.516468021,0.100719399,0.164636911,0.007073346,0.85,1530.923772
6A,2.305714039,0.055336262,0.129330972,0.004655841,0.85,1214.045284
6A,1.399217495,0.037945729,0.102897268,0.004185745,0.85,888.6050064
6A,2.041481671,0.036421767,0.121625879,0.003254863,0.85,1129.456048
6A,1.034840792,0.02521236,0.092271938,0.003372103,0.85,721.3459724
6A,2.288496043,0.066781671,0.12882889,0.005639124,0.85,1208.742784
6A,1.57247789,0.034891063,0.107949592,0.003592873,0.85,959.4045733
6A,7.580620733,0.092431403,0.283148788,0.0051787,0.85,2182.572227
6A,3.815943494,0.10208544,0.173369703,0.006957069,0.85,1596.113088
6A,2.857848363,0.068881344,0.14543137,0.005257894,0.85,1370.878417
6A,1.23037016,0.034174651,0.097973631,0.00408196,0.85,814.5073491
6A,2.433391421,0.047698369,0.133054081,0.00391211,0.85,1252.524268
6A,2.601084082,0.058404292,0.137944048,0.004646058,0.85,1300.944239
6A,2.635632998,0.077664128,0.138951505,0.00614172,0.85,1310.639423
6A,1.171930124,0.029578302,0.096269502,0.003644614,0.85,787.5475759
6A,8.614272517,0.22743484,0.313290375,0.012407283,0.85,2298.06439
6A,5.599599219,0.100983035,0.225381623,0.00609679,0.85,1916.036881
6A,1.508491246,0.038597993,0.106083723,0.00407157,0.85,933.8289844
6A,4.98284291,0.054252924,0.20739683,0.003387188,0.85,1816.414538
6A,1.371000726,0.027453169,0.122299033,0.003673407,0.85,876.5924897
6A,6.93876104,0.160430762,0.340063028,0.011793871,0.85,2103.627174
6A,3.231379755,0.053032375,0.190721186,0.004695083,0.85,1464.71861
6A,3.361378687,0.093121139,0.231926779,0.009637691,0.85,1495.4442
6A,4.438313188,0.096668309,0.262682801,0.008582011,0.85,1719.51966
6A,5.311412212,0.139778667,0.265664959,0.010487124,0.85,1870.700571
6A,6.685099476,0.106604544,0.326807569,0.0078172,0.85,2070.653725
6A,6.511676813,0.072577945,0.321853814,0.005380985,0.85,2047.47801
6A,1.705755764,0.021444369,0.124583998,0.002349362,0.85,1010.693272
6A,4.787097827,0.131962549,0.259511132,0.01073064,0.85,1782.637891
6A,5.269610294,0.104026902,0.276857937,0.008198141,0.85,1863.953088
6A,6.813506794,0.14993439,0.332550734,0.010976901,0.85,2087.479186
6A,4.393220689,0.081716239,0.230395493,0.006428218,0.85,1711.065377
6A,3.892504568,0.09109186,0.253141805,0.008885985,0.85,1612.128095
6A,2.507443029,0.066816655,0.162806728,0.006507546,0.85,1274.191288
6A,1.762497065,0.032830371,0.135945041,0.003798412,0.85,1031.766263
6A,1.648859132,0.046395678,0.132528501,0.00559364,0.85,989.1141099
6A,4.952320959,0.093224025,0.279315003,0.007886868,0.85,1811.221222
6A,5.805172207,0.159804171,0.292905549,0.01209461,0.85,1947.182761
6A,6.537721491,0.110332676,0.329656119,0.008345073,0.85,2050.992483
6A,5.093467547,0.076268603,0.266189979,0.005978816,0.85,1835.017823
6A,3.794050383,0.11088192,0.205518087,0.009009464,0.85,1591.486669
6A,2.000129768,0.058477114,0.146175897,0.006410543,0.85,1115.55622
6A,2.140468229,0.026879246,0.140500854,0.00264654,0.85,1161.97584
6A,5.055667798,0.116592806,0.269297216,0.009315718,0.85,1828.699456
6A,3.216087981,0.043623458,0.202964991,0.004129567,0.85,1461.042473
6A,6.7941896,0.086633574,0.322040474,0.006159568,0.85,2084.965764
6A,5.493351423,0.147325584,0.30342784,0.012206397,0.85,1899.557085
6A,3.165872857,0.052416853,0.207057674,0.005142331,0.85,1448.876299
6A,2.952441918,0.055497246,0.207033472,0.005837433,0.85,1395.475042
6A,4.963977199,0.110014533,0.289008993,0.009607777,0.85,1813.20767
6A,2.776239897,0.04318152,0.199069589,0.00464448,0.85,1349.168684
6A,4.858072918,0.056493799,0.261831288,0.004567195,0.85,1795.015176
6A,5.801501221,0.087879699,0.309782523,0.007038763,0.85,1946.634874
6A,4.436434459,0.080948135,0.258746094,0.007081705,0.85,1719.168823
6A,7.396312992,0.142545554,0.344572067,0.009961156,0.85,2160.524628
6B,18.14459483,0.539581131,0.591976877,0.017604116,0.85,2997.431509
6B,17.8961527,0.511446996,0.588704871,0.016824361,0.85,2984.168493
6B,18.1789392,0.233584125,0.592426377,0.007612182,0.85,2999.251419
6B,17.98195724,0.365342819,0.589839,0.01198387,0.85,2988.768756
6B,18.27865007,0.520802309,0.593727565,0.016916714,0.85,3004.516698
6B,17.46301172,0.283272345,0.58291267,0.009455588,0.85,2960.6228
6B,18.23824623,0.231077061,0.593200995,0.007515807,0.85,3002.386444
6B,18.30779647,0.235566443,0.594106843,0.007644374,0.85,3006.050644
6B,18.10683765,0.436328966,0.591481925,0.014253218,0.85,2995.426982
6B,18.12360179,0.316933889,0.591701785,0.0103473,0.85,2996.317478
6B,18.07328322,0.474570204,0.591041374,0.015519628,0.85,2993.642251
6B,18.17528427,0.380596352,0.592378574,0.0124046,0.85,2999.057899
6B,18.64063578,0.377027719,0.598404176,0.012103394,0.85,3023.405264
6B,18.46687321,0.504305139,0.596168426,0.016280547,0.85,3014.3821
6B,18.17501586,0.325664543,0.592375063,0.010614327,0.85,2999.043686
6B,18.10001217,0.368770274,0.591392363,0.012049048,0.85,2995.064195
6B,18.43682518,0.427904385,0.595780103,0.013827593,0.85,3012.813598
6B,18.25991275,0.262152926,0.593483483,0.008520492,0.85,3003.529346
6B,17.92071798,0.303218859,0.589030007,0.009966398,0.85,2985.487649
6B,18.14273031,0.256666415,0.591952455,0.008374391,0.85,2997.332614
6B,18.60316965,0.385686529,0.597923524,0.012396331,0.85,3021.466487
6B,18.35771287,0.234557007,0.594755279,0.007599205,0.85,3008.672324
6B,18.10294138,0.373437675,0.591430803,0.012200368,0.85,2995.219904
6B,17.80500682,0.359720355,0.587495379,0.011869361,0.85,2979.258927
6B,18.27720332,0.364480575,0.593708726,0.011839629,0.85,3004.440496
6B,18.2174831,0.307033154,0.592930034,0.009993103,0.85,3001.289986
6B,18.16645425,0.362492385,0.592263052,0.011817983,0.85,2998.590219
6B,18.4403074,0.211341145,0.595825131,0.006828648,0.85,3012.995494
6B,18.36141695,0.253712605,0.59480334,0.008218816,0.85,3008.866598
6B,17.81304552,0.241478798,0.58760225,0.007965706,0.85,2979.692887
6B,18.21905236,0.258623333,0.592950522,0.008417059,0.85,3001.372897
6B,17.8700075,0.491691833,0.588358432,0.016188635,0.85,2982.762611
6B,18.07770088,0.33459027,0.591099413,0.010940335,0.85,2993.877402
6B,17.85175491,0.515690506,0.588116334,0.016989143,0.85,2981.779975
6B,17.86036486,0.203229145,0.588230559,0.006693346,0.85,2982.243614
6B,17.71272047,0.527512425,0.586265712,0.017459907,0.85,2974.263626
6B,18.31178854,0.22193979,0.594158753,0.007201234,0.85,3006.260562
6B,18.28261769,0.298202931,0.593779223,0.009684976,0.85,3004.725646
6B,18.19805685,0.434860152,0.592676296,0.014162573,0.85,3000.263054
6B,18.0546146,0.305074529,0.590795983,0.009982866,0.85,2992.647925
6B,7.427720864,0.094985306,0.356386518,0.006836178,0.85,2164.315759
6B,7.716073631,0.113306788,0.365470976,0.008050145,0.85,2198.475773
6B,9.376611477,0.280597923,0.404086303,0.018138607,0.85,2375.543867
6B,14.89668881,0.255363686,0.525768808,0.013519339,0.85,2808.662067
6B,13.8192897,0.150078385,0.493011398,0.008031204,0.85,2737.40132
6B,7.307393691,0.178486035,0.345509461,0.012658812,0.85,2149.714093
6B,12.51003022,0.362013326,0.463936297,0.020137976,0.85,2643.481128
6B,6.215220898,0.106287744,0.324967763,0.008336009,0.85,2006.592687
6B,6.600089021,0.116008782,0.327935962,0.008646122,0.85,2059.359253
6B,4.546714137,0.08916651,0.291789402,0.00858351,0.85,1739.56004
6B,11.45220585,0.267761146,0.446693928,0.015666058,0.85,2560.692272
6B,7.463511191,0.216952366,0.351010649,0.01530498,0.85,2168.618695
6B,9.224377159,0.200378738,0.396111036,0.012906925,0.85,2360.536921
6B,14.45009763,0.196813177,0.51505165,0.010522657,0.85,2779.728205
6B,9.473586866,0.171774725,0.396351983,0.010779959,0.85,2384.989137
6B,6.007474978,0.093020031,0.326488978,0.007583057,0.85,1976.927891
6B,5.425233226,0.121202196,0.309022552,0.010355558,0.85,1888.848992
6B,12.82481767,0.360426818,0.463189332,0.019526109,0.85,2666.868415
6B,11.06626922,0.131795595,0.431436933,0.007707406,0.85,2528.724062
6B,5.937277146,0.157663287,0.311300661,0.012399796,0.85,1966.704935
6B,4.816865972,0.131518115,0.300390518,0.012302645,0.85,1787.847514
6B,10.55212835,0.186824812,0.423801281,0.011255065,0.85,2484.51002
6B,5.474529066,0.056975447,0.308248419,0.004812083,0.85,1896.609508
6B,7.865960954,0.161877266,0.363477027,0.011220244,0.85,2215.788528
6B,8.918863914,0.090316813,0.382245623,0.005806211,0.85,2329.733858
6B,4.054224857,0.063264566,0.275821879,0.006456136,0.85,1645.148499
6B,4.359199097,0.078827793,0.284215266,0.007709236,0.85,1704.639835
6B,6.835938139,0.108699632,0.352533154,0.008408551,0.85,2090.390014
6B,4.95507539,0.138624863,0.297127905,0.012468826,0.85,1811.690981
6B,5.43009752,0.14192477,0.309347396,0.012127975,0.85,1889.617408
6B,15.3334588,0.375264427,0.52375733,0.019227315,0.85,2836.183877
6B,7.416004196,0.205365472,0.348683883,0.014483736,0.85,2162.903137
6B,12.51163654,0.278866235,0.483265776,0.01615694,0.85,2643.601848
6B,5.174703864,0.072703073,0.30517722,0.006431476,0.85,1848.465172
6B,5.58625321,0.076590234,0.315072587,0.006479696,0.85,1913.981449
6B,6.09436778,0.062661637,0.318803855,0.004916861,0.85,1989.441234
6B,10.62860167,0.143795979,0.41699436,0.008462371,0.85,2491.20955
6B,7.579861245,0.192982816,0.348165365,0.013296404,0.85,2182.482349
6B,4.590785034,0.124363424,0.290545295,0.011806219,0.85,1747.595789
6B,7.193755342,0.20950912,0.354018805,0.015465532,0.85,2135.728609
6B,10.96340191,0.260022797,0.439594289,0.015639015,0.85,2520.030612
6B,7.775445287,0.232992143,0.359683027,0.016166917,0.85,2205.368851
6B,8.321525246,0.150577733,0.370040352,0.010043803,0.85,2266.666262
6B,14.19556391,0.424242568,0.508696588,0.022804034,0.85,2762.860879
6B,7.000742856,0.183360545,0.335620324,0.013185642,0.85,2111.523983
6B,9.050669435,0.175906226,0.394201945,0.011492395,0.85,2343.13778
6B,5.596697758,0.11792401,0.310690218,0.009819497,0.85,1915.590378
6B,10.3116437,0.156446169,0.413419286,0.00940847,0.85,2463.149323
6B,1.176583247,0.031853266,0.09552266,0.003879082,0.85,789.7205966
6B,3.495237653,0.049041798,0.168131668,0.003538592,0.85,1526.139551
6B,2.471567374,0.029746226,0.131727514,0.002378084,0.85,1263.752028
6B,0.822584423,0.008525776,0.085114436,0.001323268,0.85,609.4892688
6B,15.11806515,0.371969028,0.511682043,0.018884348,0.85,2822.704678
6B,0.790919988,0.010802436,0.084310621,0.00172728,0.85,591.6936059
6B,11.52519639,0.334737971,0.41352956,0.018015838,0.85,2566.626722
6B,4.615873428,0.107039084,0.198367356,0.006900014,0.85,1752.142081
6B,4.960270195,0.066437555,0.211173271,0.004242663,0.85,1812.576346
6B,1.485226403,0.024360825,0.105927473,0.002606149,0.85,924.3679375
6B,6.147635696,0.080441029,0.243588939,0.004780995,0.85,1997.036737
6B,1.549254024,0.035738043,0.106407243,0.003681888,0.85,950.1962499
6B,4.12355866,0.105423115,0.180753328,0.006931723,0.85,1658.982838
6B,1.294120777,0.028355335,0.097618546,0.003208363,0.85,843.1229795
6B,0.968471094,0.010697383,0.086699723,0.001436481,0.85,687.6754297
6B,1.444887639,0.014513469,0.103707429,0.001562566,0.85,907.7516031
6B,2.952964716,0.064504984,0.139653355,0.004575912,0.85,1395.60934
6B,3.788116974,0.061225589,0.174136659,0.004221736,0.85,1590.22919
6B,0.817944335,0.021736667,0.088092144,0.00351154,0.85,606.9009253
6B,5.91843304,0.163101808,0.23688993,0.009792417,0.85,1963.943042
6B,0.835532323,0.017625045,0.087363625,0.002764324,0.85,616.677193
6B,16.10215362,0.331053792,0.52636761,0.016232859,0.85,2882.880031
6B,4.283722416,0.078898602,0.189808678,0.005243911,0.85,1690.237957
6B,3.503337599,0.046631631,0.163181613,0.003258075,0.85,1527.967518
6B,1.781122992,0.040891019,0.114539208,0.003944386,0.85,1038.58943
6B,14.67211677,0.389837247,0.473160671,0.018857775,0.85,2794.215496
6B,5.124138616,0.105036858,0.213163458,0.006554278,0.85,1840.115868
6B,1.129081139,0.022105566,0.092686028,0.002721962,0.85,767.3153236
6B,2.741241497,0.061298208,0.143423839,0.004810753,0.85,1339.714177
6B,3.213741457,0.080748925,0.151083549,0.00569422,0.85,1460.47719
6B,4.329415164,0.053187992,0.195023249,0.003593867,0.85,1698.98107
6B,4.73786821,0.055411713,0.203744918,0.003574346,0.85,1773.963293
6B,3.557025517,0.087089622,0.163346755,0.005999032,0.85,1540.001129
6B,1.580726121,0.03648231,0.111340933,0.003854533,0.85,962.655025
6B,2.917902506,0.050544238,0.146100649,0.003796158,0.85,1386.562863
6B,13.11518592,0.203253138,0.453162527,0.010534358,0.85,2687.97404
6B,3.441478874,0.080926273,0.237737173,0.008385574,0.85,1513.923339
6B,3.21660448,0.047774642,0.175434242,0.003908458,0.85,1461.166856
6B,5.138465189,0.110567157,0.273630855,0.008831796,0.85,1842.488442
6B,4.774951243,0.055300542,0.260492851,0.004525301,0.85,1780.504456
6B,5.648340083,0.143361866,0.3008892,0.011455411,0.85,1923.508364
6B,1.962184827,0.027577399,0.144970877,0.003056226,0.85,1102.631988
6B,2.551845591,0.072626274,0.16580395,0.007078244,0.85,1286.964871
6B,2.449975832,0.072188831,0.177266702,0.007834777,0.85,1257.417095
6B,3.659014272,0.076789397,0.240630034,0.007574923,0.85,1562.475398
6B,4.951541373,0.11119686,0.285568638,0.009619531,0.85,1811.088227
6B,4.111084962,0.063415465,0.273115748,0.006319413,0.85,1656.507796
6B,4.936896591,0.049460408,0.299237402,0.004496875,0.85,1808.586625
6B,6.005754277,0.115755458,0.316689333,0.009155849,0.85,1976.678531
6B,3.794988743,0.081538922,0.252091102,0.008124624,0.85,1591.685394
6B,3.073441193,0.080579404,0.176957074,0.006959184,0.85,1426.09346
6B,4.00517649,0.092929517,0.225570518,0.00785065,0.85,1635.246662
6B,7.531028358,0.225465347,0.34309204,0.015407331,0.85,2176.686716
6B,5.099048806,0.125132263,0.291857347,0.010743407,0.85,1835.947429
6B,3.510049327,0.103722378,0.226711283,0.010049018,0.85,1529.479708
6B,5.333157162,0.071182424,0.285289429,0.005711699,0.85,1874.192896
6B,4.76865882,0.080568035,0.248259523,0.006291638,0.85,1779.397485
6B,4.872470907,0.05556177,0.286541022,0.004901228,0.85,1797.507725
6B,4.367763971,0.073663363,0.243097213,0.006149837,0.85,1706.261288
6B,2.036545939,0.028895851,0.138253713,0.002942452,0.85,1127.80694
6B,4.373540365,0.119737496,0.246928514,0.010140504,0.85,1707.353381
6B,6.437963365,0.117830259,0.317070368,0.008704729,0.85,2037.46466
6B,3.792195232,0.071172458,0.259155799,0.007295809,0.85,1591.09367
6B,3.966221776,0.040011318,0.218682522,0.00330911,0.85,1627.313139
6B,6.283680238,0.101621605,0.323709603,0.007852697,0.85,2016.18141
6B,1.469184322,0.034806488,0.142019085,0.005046867,0.85,917.7924173
6B,5.688626783,0.111407576,0.315479665,0.009267656,0.85,1929.642675
6B,2.679506148,0.065898809,0.195523288,0.007212944,0.85,1322.819256
6B,4.36233332,0.125688507,0.243467829,0.010522273,0.85,1705.233489
6B,5.749887277,0.08908279,0.321917059,0.007481174,0.85,1938.900142
6B,3.537891621,0.099695876,0.216152543,0.009136593,0.85,1535.728795
6B,4.492353598,0.045889726,0.257013483,0.003938118,0.85,1729.559699
6C,17.43018358,0.228686919,0.582469022,0.007642091,0.85,2958.815792
6C,18.17867252,0.336298789,0.59242289,0.010959607,0.85,2999.237301
6C,18.26327406,0.339359069,0.593527284,0.011028629,0.85,3003.706538
6C,18.10213354,0.290163323,0.591420202,0.009480012,0.85,2995.176963
6C,18.28541195,0.422727808,0.593815599,0.013728013,0.85,3004.872775
6C,18.14888545,0.462950646,0.59203307,0.015101869,0.85,2997.659047
6C,18.83936528,0.463965077,0.600940832,0.014799626,0.85,3033.627567
6C,18.083293,0.226159069,0.591172865,0.007393515,0.85,2994.174991
6C,17.97287594,0.521059832,0.589719172,0.017096817,0.85,2988.282863
6C,18.42506131,0.416493166,0.595627936,0.013463997,0.85,3012.198865
6C,18.11649174,0.282149931,0.591608557,0.009213832,0.85,2995.939894
6C,18.16339623,0.50356865,0.592223034,0.016419008,0.85,2998.4282
6C,18.13985358,0.462635677,0.59191477,0.015096092,0.85,2997.180013
6C,18.40783816,0.226516094,0.595405012,0.007326706,0.85,3011.298181
6C,17.89748425,0.264118199,0.588722504,0.008687943,0.85,2984.240042
6C,18.44031635,0.418718452,0.595825247,0.013529216,0.85,3012.995961
6C,18.33688072,0.273049568,0.594484831,0.008852314,0.85,3007.579013
6C,18.70591003,0.405720375,0.599239736,0.012997163,0.85,3026.774222
6C,18.24083536,0.384669886,0.593234766,0.012510367,0.85,3002.523087
6C,17.91527118,0.422954851,0.588957946,0.013904485,0.85,2985.195304
6C,18.24395258,0.315061319,0.593275421,0.010245485,0.85,3002.687577
6C,18.27865337,0.400974189,0.593727608,0.013024452,0.85,3004.516871
6C,18.5379965,0.311549808,0.597085572,0.010034628,0.85,3018.085097
6C,17.91465197,0.4820682,0.588949753,0.015848142,0.85,2985.162063
6C,17.77298354,0.424787952,0.587069263,0.014031406,0.85,2977.528345
6C,18.24987618,0.547392207,0.59335266,0.017797196,0.85,3003.00008
6C,18.72153864,0.292252281,0.599439448,0.00935754,0.85,3027.579196
6C,18.37939925,0.282570453,0.595036556,0.009148272,0.85,3009.809217
6C,18.39688725,0.360913119,0.595263185,0.01167797,0.85,3010.725087
6C,17.8263418,0.358799363,0.587778933,0.01183051,0.85,2980.410264
6C,18.20203594,0.47048464,0.592728287,0.015320789,0.85,3000.473485
6C,18.5442371,0.292439876,0.597165911,0.009417218,0.85,3018.409367
6C,18.28208289,0.5039942,0.593772261,0.01636891,0.85,3004.697484
6C,17.75673756,0.380762448,0.586852852,0.012584042,0.85,2976.649261
6C,18.19646137,0.226251266,0.592655447,0.007368963,0.85,3000.178665
6C,18.3580317,0.263148547,0.594759416,0.008525428,0.85,3008.689047
6C,17.33110855,0.334701318,0.58112605,0.011222805,0.85,2953.342679
6C,18.16582341,0.523602106,0.592254797,0.01707084,0.85,2998.556798
6C,17.9449873,0.471918087,0.589350877,0.015498776,0.85,2986.789231
6C,18.43450917,0.523687711,0.595750151,0.016924076,0.85,3012.692602
6C,9.69291778,0.163103372,0.391126532,0.009872268,0.85,2406.033033
6C,12.37226655,0.27956071,0.461460508,0.015640573,0.85,2633.073972
6C,6.11473808,0.181463474,0.329210655,0.014654686,0.85,1992.35256
6C,7.409172435,0.17650605,0.353797151,0.012642573,0.85,2162.078557
6C,11.87075175,0.174899859,0.463334554,0.010239935,0.85,2594.260477
6C,4.541854187,0.059868156,0.286098832,0.00565679,0.85,1738.669986
6C,8.585874507,0.140507932,0.369393214,0.009067686,0.85,2295.06078
6C,6.691684258,0.189241461,0.341812182,0.014499721,0.85,2071.523358
6C,4.192178758,0.06982538,0.276918682,0.006918581,0.85,1672.491657
6C,6.405434291,0.17358024,0.330415882,0.013430862,0.85,2033.01426
6C,5.565104354,0.108090926,0.315265375,0.009185091,0.85,1910.715747
6C,10.1608118,0.135471288,0.409143847,0.008182502,0.85,2449.518908
6C,17.97809729,0.32462667,0.560211875,0.01517344,0.85,2988.562258
6C,11.6144353,0.18380152,0.456107176,0.010827026,0.85,2573.835424
6C,7.589938561,0.203400349,0.360614181,0.014495977,0.85,2183.674248
6C,4.659453896,0.0766113,0.280905323,0.006928019,0.85,1759.991271
6C,7.107979917,0.145684467,0.33979393,0.010446575,0.85,2125.043155
6C,6.590005134,0.166462247,0.332326012,0.012591736,0.85,2058.011136
6C,11.19182997,0.335506787,0.455114354,0.020465012,0.85,2539.23547
6C,12.76689457,0.235342012,0.456906216,0.012633757,0.85,2662.605235
6C,6.865786808,0.144131239,0.345478508,0.010878778,0.85,2094.250465
6C,6.458281137,0.083300739,0.335886246,0.006498534,0.85,2040.23453
6C,4.017999584,0.080615309,0.273954186,0.008244738,0.85,1637.844712
6C,9.876388961,0.142876305,0.430108483,0.009333215,0.85,2423.307396
6C,7.601265274,0.164392763,0.366821338,0.011899882,0.85,2185.012253
6C,9.123567296,0.167200956,0.388037281,0.010666914,0.85,2350.47581
6C,8.100586383,0.153998596,0.345674555,0.009857323,0.85,2242.309843
6C,14.17465099,0.315286727,0.489655149,0.016337097,0.85,2761.462495
6C,5.703561778,0.144494215,0.304346009,0.011565467,0.85,1931.907391
6C,7.534266812,0.222498952,0.348979616,0.01545889,0.85,2177.072091
6C,11.91337329,0.132331859,0.428709593,0.007143057,0.85,2597.617366
6C,17.75896854,0.290881105,0.567294348,0.013937905,0.85,2976.770026
6C,11.73650918,0.132097528,0.43782838,0.007391812,0.85,2583.614366
6C,5.729793667,0.062667558,0.304407793,0.004994026,0.85,1935.87296
6C,13.32302553,0.274005179,0.483253019,0.014908081,0.85,2702.816083
6C,6.533515573,0.178517916,0.323708504,0.01326723,0.85,2050.425759
6C,14.39830381,0.243188748,0.51458374,0.013037054,0.85,2776.318587
6C,4.939927383,0.094765298,0.303413202,0.008730809,0.85,1809.104847
6C,14.34128943,0.164403004,0.487663485,0.008385579,0.85,2772.552012
6C,8.844140462,0.167814296,0.379483394,0.010800836,0.85,2322.055543
6C,10.88449196,0.230938785,0.4014138,0.012775334,0.85,2513.311016
6C,15.16893367,0.153039076,0.529105952,0.008007209,0.85,2825.904175
6C,13.34812269,0.241608156,0.474597918,0.012885714,0.85,2704.593705
6C,5.830858764,0.124177276,0.311984437,0.009966296,0.85,1951.008174
6C,8.484219176,0.095386241,0.361270073,0.006092522,0.85,2284.235445
6C,10.87399226,0.20071344,0.448876528,0.012428124,0.85,2512.413549
6C,9.153064963,0.253661254,0.384558044,0.015986035,0.85,2353.430093
6C,9.902391587,0.196146259,0.405198231,0.012039231,0.85,2425.732017
6C,0.732170164,0.018398981,0.08381224,0.003159224,0.85,557.8261183
6C,2.313484497,0.037138983,0.126931081,0.003056488,0.85,1216.429257
6C,0.686863763,0.014490427,0.081630704,0.002583184,0.85,530.9143965
6C,5.39453121,0.12603421,0.201680897,0.007067906,0.85,1883.985507
6C,1.320361555,0.015647841,0.101525833,0.001804801,0.85,854.6712861
6C,2.362630391,0.053500798,0.131500934,0.004466677,0.85,1231.378913
6C,0.707389558,0.010623759,0.080716741,0.001818337,0.85,543.1950346
6C,4.345630073,0.123237072,0.185014943,0.007870217,0.85,1702.065714
6C,3.267605207,0.0353655,0.165010647,0.002678881,0.85,1473.374451
6C,7.938522112,0.133971523,0.30806843,0.007798504,0.85,2224.064846
6C,1.154108473,0.029443694,0.101253892,0.003874794,0.85,779.1815368
6C,1.517405969,0.016458982,0.109561467,0.001782585,0.85,937.4310747
6C,1.712051608,0.039409508,0.113203934,0.003908741,0.85,1013.053155
6C,1.133281111,0.029897743,0.087848617,0.003476378,0.85,769.3163651
6C,1.835599481,0.053299658,0.116501424,0.005074216,0.85,1058.286411
6C,3.362504765,0.100675165,0.159272901,0.007153072,0.85,1495.706331
6C,14.78695695,0.361268794,0.494622368,0.018126613,0.85,2801.628765
6C,6.581887361,0.090691267,0.24873221,0.00514089,0.85,2056.924568
6C,6.118406898,0.1750087,0.235893949,0.010121138,0.85,1992.876022
6C,2.459008993,0.044834831,0.129787331,0.003549596,0.85,1260.072224
6C,4.492896426,0.063008784,0.198315996,0.004171802,0.85,1729.660048
6C,3.413305796,0.045288873,0.172465921,0.003432503,0.85,1507.462073
6C,5.875284614,0.080929996,0.242549667,0.005011556,0.85,1957.590538
6C,1.537039939,0.026234412,0.105307021,0.002696092,0.85,945.3196152
6C,3.911046473,0.089640361,0.171708919,0.005903298,0.85,1615.96898
6C,0.933473292,0.017603702,0.084297783,0.002384567,0.85,669.4603429
6C,1.639798768,0.023094553,0.114504469,0.002418982,0.85,985.6350612
6C,0.863867437,0.021402479,0.084766666,0.003150165,0.85,632.2319097
6C,17.72194159,0.365213609,0.566026954,0.017497017,0.85,2974.763855
6C,7.808560996,0.095372965,0.277714024,0.005087956,0.85,2209.193369
6C,10.05999656,0.129048314,0.352832898,0.006789141,0.85,2440.305311
6C,2.389818554,0.033826961,0.138502867,0.002940682,0.85,1239.555664
6C,1.830972192,0.054887538,0.111084913,0.004995033,0.85,1056.628099
6C,15.30103348,0.432279457,0.508841044,0.021563399,0.85,2834.166127
6C,0.911184924,0.021198499,0.089972567,0.003139785,0.85,657.6873929
6C,6.571017648,0.105958916,0.236828485,0.005728357,0.85,2055.467828
6C,7.171752441,0.129095129,0.342886253,0.009258186,0.85,2132.998307
6C,4.947613263,0.146559381,0.276208001,0.012272849,0.85,1810.417837
6C,6.511840185,0.101806179,0.334693804,0.00784891,0.85,2047.500094
6C,4.5713991,0.093148131,0.268820929,0.008216358,0.85,1744.06885
6C,2.333767723,0.068230768,0.152634926,0.006693724,0.85,1222.625895
6C,3.096078877,0.072505298,0.215328668,0.007563988,0.85,1431.720714
6C,5.966143062,0.095787007,0.316474653,0.007621547,0.85,1970.921165
6C,5.702968358,0.163418111,0.290142881,0.012471032,0.85,1931.817502
6C,6.0320204,0.12078918,0.29632253,0.008900639,0.85,1980.478308
6C,4.382593858,0.105028185,0.277227037,0.009965555,0.85,1709.062687
6C,5.062260588,0.100185053,0.262397402,0.007789494,0.85,1829.8043
6C,3.696906824,0.10464178,0.225575257,0.009577438,0.85,1570.700279
6C,4.166645605,0.087337859,0.24123223,0.007584773,0.85,1667.486073
6C,5.043925017,0.079380669,0.301240684,0.007111333,0.85,1826.728576
6C,4.122025134,0.077733878,0.258135677,0.007301952,0.85,1658.67888
6C,3.923779547,0.043865954,0.215154624,0.003607987,0.85,1618.598199
6C,5.758587378,0.087826803,0.309663981,0.007084237,0.85,1940.208052
6C,4.945066807,0.111037916,0.290226297,0.009775234,0.85,1809.98301
6C,7.130169433,0.155548033,0.322436994,0.010551174,0.85,2127.81821
6C,5.445391702,0.100035197,0.31277634,0.008618841,0.85,1892.02966
6C,7.104990095,0.164433593,0.331104127,0.01149431,0.85,2124.668663
6C,2.544439844,0.033836745,0.174404516,0.003478928,0.85,1284.845544
6C,3.302244087,0.060798805,0.217296997,0.0060011,0.85,1481.582746
6C,7.843168555,0.162262444,0.353511542,0.010970371,0.85,2213.174845
6C,3.059664639,0.081000001,0.218903104,0.008692694,0.85,1422.653571
6C,6.184299983,0.068970217,0.33035745,0.005526452,0.85,2002.231901
6C,2.966951246,0.078698122,0.185218132,0.007369342,0.85,1399.195666
6C,4.005654498,0.104183053,0.275647875,0.010753987,0.85,1635.343629
6C,3.332058062,0.078691389,0.226414408,0.008020657,0.85,1488.594946
6C,3.757956017,0.091662184,0.248637587,0.009096966,0.85,1583.812934
6C,1.837534724,0.053973925,0.143712684,0.006331911,0.85,1058.979154
6C,5.082978852,0.065353854,0.274671156,0.005297332,0.85,1833.268537
6C,6.190772591,0.106284087,0.315007864,0.008112151,0.85,2003.146286
6C,4.247609835,0.061458209,0.242266546,0.005257993,0.85,1683.274309
6C,4.54295427,0.087679002,0.221282105,0.006406116,0.85,1738.871524
6C,4.050620182,0.106935558,0.245845336,0.009735401,0.85,1644.424069
7A,22.18306795,0.280594247,0.640702497,0.008104264,0.85,3191.777613
7A,21.70797251,0.552217015,0.635360152,0.016162573,0.85,3170.752982
7A,22.37411226,0.456152714,0.642824775,0.013105604,0.85,3200.110775
7A,22.50274103,0.52187923,0.644245472,0.014941217,0.85,3205.683154
7A,22.28047244,0.407256649,0.64178638,0.01173098,0.85,3196.034845
7A,22.72009948,0.572671597,0.646631364,0.016298671,0.85,3215.03048
7A,22.48147353,0.453568621,0.644011026,0.012993063,0.85,3204.763923
7A,22.1493243,0.533915908,0.640326115,0.015435247,0.85,3190.298616
7A,22.18064784,0.249555261,0.640675519,0.007208263,0.85,3191.671611
7A,22.38131992,0.453785939,0.642904557,0.013035024,0.85,3200.423831
7A,22.2585412,0.524860866,0.641542671,0.015127705,0.85,3195.077858
7A,21.81018144,0.446509886,0.636517366,0.013031129,0.85,3175.312982
7A,22.45164363,0.359337707,0.64368189,0.010302104,0.85,3203.473202
7A,22.18878879,0.377535119,0.640766263,0.010902432,0.85,3192.028146
7A,22.24082094,0.531970902,0.641345614,0.015340135,0.85,3194.303961
7A,22.03098633,0.537960639,0.639002491,0.015603395,0.85,3185.094726
7A,22.90675676,0.396844481,0.6486656,0.011237705,0.85,3222.989418
7A,22.57990009,0.535922277,0.645094549,0.015310986,0.85,3209.011177
7A,23.00536638,0.471788041,0.649734875,0.013324593,0.85,3227.169015
7A,22.27886224,0.521743896,0.641768493,0.015029439,0.85,3195.964613
7A,18.38082008,0.306175478,0.595054975,0.00991203,0.85,3009.883659
7A,18.26373498,0.383344017,0.59353329,0.012457881,0.85,3003.730834
7A,18.02039757,0.495197494,0.590345688,0.0162226,0.85,2990.822927
7A,18.11425467,0.352634186,0.591579218,0.011516403,0.85,2995.821063
7A,18.36362735,0.322095754,0.594832017,0.01043328,0.85,3008.982513
7A,17.91304853,0.276124514,0.588928535,0.009078165,0.85,2985.075983
7A,18.48241071,0.355703369,0.596369025,0.011477424,0.85,3015.192206
7A,18.24041735,0.525814314,0.593229314,0.01710095,0.85,3002.501028
7A,18.44054163,0.221325383,0.595828159,0.007151194,0.85,3013.007727
7A,18.30194145,0.547177318,0.594030691,0.017759871,0.85,3005.742686
7A,17.77013752,0.186123497,0.587031363,0.006148536,0.85,2977.374399
7A,18.19084098,0.197677059,0.59258199,0.006439497,0.85,2999.881335
7A,18.48919282,0.399886842,0.596456544,0.012900245,0.85,3015.545614
7A,18.23631493,0.384585603,0.593175802,0.012509483,0.85,3002.284506
7A,18.19783388,0.400948641,0.592673382,0.013058235,0.85,3000.251261
7A,18.23604399,0.417974404,0.593172268,0.013595647,0.85,3002.270204
7A,17.71418295,0.415584037,0.586285238,0.01375456,0.85,2974.342979
7A,18.52117792,0.491279029,0.596868948,0.015832103,0.85,3017.210665
7A,17.590988,0.221047413,0.584635851,0.007346503,0.85,2967.636642
7A,18.58569917,0.422679098,0.597699131,0.013592974,0.85,3020.561168
7A,12.87954422,0.285252398,0.452457316,0.01503134,0.85,2670.879948
7A,15.82964409,0.406887114,0.51161436,0.019725897,0.85,2866.570402
7A,18.85196339,0.198906169,0.572219588,0.009056192,0.85,3034.272136
7A,5.3681938,0.143142355,0.301835539,0.012072622,0.85,1879.794772
7A,7.131348685,0.146764668,0.337191302,0.010409203,0.85,2127.965477
7A,13.27530048,0.363425074,0.460393241,0.018905611,0.85,2699.427126
7A,12.79934021,0.271728337,0.450849021,0.0143572,0.85,2664.995461
7A,16.04100924,0.478810879,0.515852772,0.023096669,0.85,2879.243283
7A,13.8835193,0.248173825,0.472589583,0.01267161,0.85,2741.792673
7A,6.729883543,0.177146095,0.329140899,0.012995624,0.85,2076.553584
7A,11.62351519,0.265263579,0.427270723,0.014626302,0.85,2574.566035
7A,8.187077192,0.107348229,0.358361357,0.007048203,0.85,2251.914346
7A,8.91806965,0.140277166,0.373019624,0.008801143,0.85,2329.652547
7A,7.165588046,0.214309706,0.337877888,0.01515797,0.85,2132.23206
7A,8.86629183,0.153598127,0.371981347,0.009666212,0.85,2324.337799
7A,4.551223299,0.090903206,0.285453192,0.008552188,0.85,1740.385153
7A,6.732732109,0.16202177,0.32919802,0.011883121,0.85,2076.927697
7A,5.718299489,0.157640106,0.308856053,0.012771656,0.85,1934.13725
7A,4.761964352,0.06417477,0.289679089,0.005855805,0.85,1778.21846
7A,11.18811091,0.316027868,0.418539755,0.017733587,0.85,2538.925685
7A,12.99213886,0.332404682,0.454715127,0.017450872,0.85,2679.083781
7A,8.846588807,0.093360561,0.371586251,0.005882183,0.85,2322.308048
7A,10.52774376,0.207758575,0.405297705,0.011997453,0.85,2482.364452
7A,14.43994814,0.148109465,0.483747404,0.007442641,0.85,2779.060959
7A,15.6366969,0.177844906,0.507745276,0.008662307,0.85,2854.862073
7A,4.598047917,0.054786831,0.286392145,0.005118645,0.85,1748.913998
7A,5.133318394,0.058145523,0.297125687,0.005048351,0.85,1841.636737
7A,17.73008881,0.367912617,0.549723135,0.01711075,0.85,2975.205623
7A,6.943482207,0.185413402,0.333424098,0.013355251,0.85,2104.230841
7A,10.04874918,0.221137089,0.395692639,0.013061673,0.85,2439.272199
7A,18.85256075,0.476091581,0.572231567,0.021676204,0.85,3034.30269
7A,10.83689537,0.187344867,0.411496985,0.010670747,0.85,2509.23631
7A,6.356307918,0.131550392,0.321649753,0.009985313,0.85,2026.255943
7A,17.72445693,0.29394015,0.549610201,0.013671999,0.85,2974.900266
7A,13.90545564,0.19170238,0.473029463,0.009781867,0.85,2743.288111
7A,16.42449677,0.418266237,0.523542677,0.019998807,0.85,2901.839951
7A,12.05778098,0.207021403,0.435978863,0.011228055,0.85,2608.909174
7A,13.02788292,0.131306979,0.455431886,0.006885392,0.85,2681.674353
7A,3.933620191,0.109478611,0.273068671,0.011399872,0.85,1620.625514
7A,6.769394475,0.125200992,0.329933194,0.009153248,0.85,2081.730446
7A,10.73241104,0.184422413,0.409401807,0.01055255,0.85,2500.233727
7A,11.13136101,0.258373982,0.417401774,0.014532692,0.85,2534.186849
7A,15.1958694,0.337636728,0.498905557,0.016627759,0.85,2827.594288
7A,4.75108572,0.08700133,0.289460944,0.007950863,0.85,1776.299597
7A,5.2553547,0.104930916,0.299572826,0.008972121,0.85,1861.641721
7A,8.004443483,0.126455259,0.354699084,0.008405375,0.85,2231.525792
7A,8.372381844,0.119889017,0.362077189,0.007777192,0.85,2272.190956
7A,7.91613177,0.128494501,0.352928209,0.008593086,0.85,2221.518195
7A,8.546350014,0.124033587,0.377284255,0.008213317,0.85,2290.865496
7A,10.02562924,0.213729354,0.4103036,0.013120462,0.85,2437.145244
7A,6.330092241,0.074843154,0.327814636,0.005813821,0.85,2022.630959
7A,8.862515262,0.108253876,0.384341455,0.007041983,0.85,2323.949062
7A,8.149227445,0.196303323,0.368419987,0.013312072,0.85,2247.722438
7A,8.53224141,0.090112416,0.376969333,0.005971986,0.85,2289.363746
7A,8.424076523,0.206751857,0.374554959,0.013789037,0.85,2277.776054
7A,12.62764712,0.224657449,0.468383862,0.012499469,0.85,2652.282688
7A,15.57636409,0.259971311,0.534202878,0.013373861,0.85,2851.173103
7A,4.142606843,0.052335769,0.278987251,0.005286893,0.85,1662.750793
7A,4.888264879,0.06886804,0.295631263,0.006247476,0.85,1800.234926
7A,7.927160093,0.189157542,0.363463169,0.013009413,0.85,2222.773342
7A,4.463745596,0.129630002,0.286155466,0.012465204,0.85,1724.257056
7A,13.90367607,0.274942552,0.496866409,0.014738158,0.85,2743.166877
7A,6.749214125,0.148155409,0.337169955,0.011102082,0.85,2079.089643
7A,13.18362827,0.266100802,0.480794051,0.014556655,0.85,2692.885577
7A,8.315384302,0.108252958,0.372128814,0.00726678,0.85,2265.997116
7A,5.611128164,0.087989918,0.311766467,0.007333366,0.85,1917.809123
7A,6.352156817,0.160482891,0.328307144,0.012441683,0.85,2025.682809
7A,8.809153007,0.149437805,0.383150343,0.0097496,0.85,2318.440301
7A,6.33692019,0.118193502,0.327967044,0.00917565,0.85,2023.576344
7A,12.72221705,0.199560362,0.47049478,0.011070253,0.85,2659.304667
7A,12.74742755,0.30740117,0.47105751,0.017039159,0.85,2661.168421
7A,4.283705908,0.066459057,0.282136757,0.006565767,0.85,1690.234785
7A,14.49150304,0.237331156,0.509987436,0.012528298,0.85,2782.445736
7A,14.36881715,0.303718593,0.507248935,0.016082841,0.85,2774.372337
7A,4.742616931,0.065892184,0.29238022,0.006093336,0.85,1774.803288
7A,5.515044007,0.057136612,0.309621749,0.004811586,0.85,1902.94356
7A,5.208173556,0.098931803,0.302772021,0.008626954,0.85,1853.954145
7A,12.78099163,0.29894233,0.471806702,0.016553058,0.85,2663.644438
7A,4.998899818,0.09664939,0.298100772,0.00864528,0.85,1819.135999
7A,14.2926706,0.314194614,0.505549249,0.016670172,0.85,2769.329003
7A,9.458227654,0.188199022,0.397638493,0.011868266,0.85,2383.499014
7A,3.995067943,0.095090329,0.275694,0.009843074,0.85,1633.193902
7A,8.326585631,0.165004878,0.372378842,0.011068941,0.85,2267.217335
7A,11.37989798,0.229973529,0.440532556,0.013353919,0.85,2554.778927
7A,4.702022105,0.070485441,0.263711911,0.005929741,0.85,1767.600007
7A,1.307088549,0.016077911,0.11122475,0.002052189,0.85,848.8463841
7A,4.820615502,0.131940197,0.228799551,0.009393362,0.85,1788.501815
7A,1.175531428,0.017891732,0.105214565,0.002402068,0.85,789.2298007
7A,4.51995639,0.079017038,0.251326135,0.006590455,0.85,1734.649906
7A,3.409769926,0.098391691,0.198176329,0.008577809,0.85,1506.648238
7A,5.458857007,0.070911071,0.251449009,0.00489952,0.85,1894.148721
7A,3.323406306,0.036189068,0.189156748,0.003089634,0.85,1486.565049
7A,5.386237662,0.083386241,0.256974907,0.005967478,0.85,1882.667726
7A,4.125608198,0.082978844,0.268756588,0.008108299,0.85,1659.388933
7A,3.588701829,0.038437144,0.215720328,0.003465741,0.85,1547.034734
7A,4.600675988,0.060722261,0.246689255,0.004883911,0.85,1749.39057
7A,5.584007029,0.069032424,0.274072433,0.005082341,0.85,1913.635103
7A,3.247383645,0.077892548,0.216315343,0.00778289,0.85,1468.551739
7A,3.769178062,0.11004985,0.210379873,0.009213789,0.85,1586.204982
7A,2.922307386,0.085725161,0.190011281,0.008360901,0.85,1387.703812
7A,4.194868915,0.064381379,0.255552229,0.005883189,0.85,1673.017608
7A,8.553215979,0.103597371,0.364412205,0.006620693,0.85,2291.595522
7A,4.827164483,0.059047425,0.286915998,0.005264473,0.85,1789.643616
7A,4.129290549,0.063866883,0.267897933,0.006215283,0.85,1660.118145
7A,8.995141368,0.215873711,0.3735253,0.013446308,0.85,2337.512425
7A,5.377612503,0.129326157,0.290299872,0.010472129,0.85,1881.295437
7A,5.247645678,0.062966996,0.297757466,0.00535923,0.85,1860.389604
7A,8.190747927,0.167925861,0.349927735,0.010761273,0.85,2252.319965
7A,5.026431439,0.139084528,0.261579321,0.010857097,0.85,1823.785383
7A,5.364219678,0.144272592,0.252039878,0.010168053,0.85,1879.160917
7A,6.00899238,0.167254512,0.289709164,0.012095663,0.85,1977.147739
7A,6.032160974,0.102885676,0.27124979,0.006939731,0.85,1980.498606
7A,2.037671369,0.05371911,0.153345668,0.006063975,0.85,1128.1832
7A,6.148609156,0.138098447,0.302120835,0.010178501,0.85,1997.175016
7A,4.132210129,0.054325715,0.267163804,0.00526856,0.85,1660.695934
7A,4.832138958,0.129557032,0.233544547,0.009392529,0.85,1790.510048
7A,4.877587,0.086766898,0.26356373,0.007032763,0.85,1798.391941
7A,6.947845598,0.180097482,0.303512313,0.01180117,0.85,2104.788443
7A,8.228940843,0.141887106,0.353141829,0.009133546,0.85,2256.530731
7A,8.743922463,0.208441379,0.368807881,0.013187701,0.85,2311.665486
7B,22.42759361,0.345826084,0.643416271,0.009921266,0.85,3202.431377
7B,22.32268365,0.629489458,0.642254905,0.018111294,0.85,3197.874229
7B,22.66498748,0.263586543,0.646028161,0.007513101,0.85,3212.668563
7B,22.14923617,0.613609341,0.640325132,0.017739189,0.85,3190.294751
7B,22.5042313,0.334572771,0.644261893,0.009578309,0.85,3205.747535
7B,22.6446332,0.494143406,0.645805083,0.014092537,0.85,3211.794855
7B,22.16169067,0.522079801,0.640464105,0.0150879,0.85,3190.840889
7B,22.29043567,0.509509574,0.641897032,0.014672332,0.85,3196.4693
7B,22.02610792,0.429874764,0.638947802,0.012470089,0.85,3184.879626
7B,22.678549,0.404544346,0.646176702,0.011526625,0.85,3213.250275
7B,22.59417433,0.489384676,0.645251369,0.013975998,0.85,3209.62566
7B,22.6214179,0.668287321,0.645550452,0.019071005,0.85,3210.79742
7B,22.32132517,0.395164254,0.642239838,0.011369855,0.85,3197.815084
7B,22.58787736,0.473414782,0.645182199,0.013522244,0.85,3209.354631
7B,21.52417436,0.526441099,0.633268095,0.015488555,0.85,3162.501039
7B,22.35049431,0.395221282,0.642563201,0.011362373,0.85,3199.08428
7B,22.96018729,0.257542985,0.649245435,0.007282545,0.85,3225.256222
7B,22.39972866,0.450222099,0.643108231,0.012926118,0.85,3201.222954
7B,22.75592148,0.554904507,0.647022804,0.01577769,0.85,3216.562751
7B,22.32317783,0.601056413,0.642260386,0.017293,0.85,3197.895743
7B,18.59963893,0.451726493,0.597878189,0.014520573,0.85,3021.283591
7B,17.99352127,0.407301904,0.589991518,0.013355066,0.85,2989.387151
7B,18.33813288,0.466776275,0.594501094,0.015132348,0.85,3007.644761
7B,18.04213964,0.380946114,0.590631892,0.012470745,0.85,2991.982941
7B,18.28943235,0.331862459,0.593867929,0.010775757,0.85,3005.084428
7B,18.0648581,0.358793954,0.590930655,0.011736729,0.85,2993.193634
7B,18.21511031,0.504547627,0.592899053,0.016422948,0.85,3001.164609
7B,18.10210177,0.371560405,0.591419785,0.012139374,0.85,2995.175275
7B,18.40634453,0.34028372,0.595385672,0.011007077,0.85,3011.220034
7B,18.35044313,0.24513852,0.594660929,0.007943912,0.85,3008.290928
7B,18.03299164,0.302263806,0.590511505,0.009897984,0.85,2991.495025
7B,18.02563818,0.361163422,0.590414699,0.011829606,0.85,2991.102652
7B,17.97143433,0.407658945,0.589700145,0.013376592,0.85,2988.205708
7B,17.92128634,0.223480683,0.589037525,0.007345372,0.85,2985.51815
7B,18.42682575,0.426853846,0.595650764,0.013798134,0.85,3012.291092
7B,17.95721715,0.355512601,0.589512439,0.011671023,0.85,2987.444495
7B,18.31340481,0.393507883,0.594179768,0.012767392,0.85,3006.34554
7B,18.07913807,0.186206302,0.591118292,0.00608823,0.85,2993.953892
7B,18.49934644,0.414374513,0.596587523,0.013363211,0.85,3016.074478
7B,18.75894023,0.372898132,0.599916847,0.0119254,0.85,3029.50303
7B,7.10608323,0.079007625,0.338599088,0.005646974,0.85,2124.805601
7B,6.701043725,0.163884513,0.334486011,0.012270568,0.85,2072.758154
7B,11.97212022,0.348029778,0.431110346,0.01879858,0.85,2602.226183
7B,14.16121584,0.398144575,0.481110133,0.020289719,0.85,2760.563109
7B,18.72323375,0.203491616,0.570988611,0.0093086,0.85,3027.666466
7B,6.477639799,0.110138214,0.330386124,0.008426249,0.85,2042.866637
7B,14.70932461,0.179076331,0.48366218,0.008832402,0.85,2796.623304
7B,10.53260628,0.173109412,0.397036219,0.009788276,0.85,2482.792661
7B,20.2488683,0.208096666,0.590647664,0.009105087,0.85,3103.318919
7B,7.358433475,0.120261777,0.343834083,0.008429124,0.85,2155.933417
7B,9.048693773,0.157506536,0.378815819,0.009890814,0.85,2342.938166
7B,5.760138052,0.132884237,0.307487917,0.010640447,0.85,1940.440993
7B,13.29887384,0.26829686,0.456036429,0.013800395,0.85,2701.102484
7B,11.73804949,0.346215961,0.432226896,0.019122919,0.85,2583.737155
7B,13.9009202,0.335498315,0.473984049,0.017159387,0.85,2742.979103
7B,4.496503002,0.089397191,0.277708416,0.008281887,0.85,1730.326519
7B,7.839441146,0.190388576,0.356319197,0.012980346,0.85,2212.746769
7B,6.259807421,0.141716904,0.315227352,0.010704733,0.85,2012.847949
7B,5.635626037,0.158825926,0.314030255,0.013275228,0.85,1921.564723
7B,11.54951307,0.245968213,0.423789089,0.013538057,0.85,2568.596097
7B,8.413661504,0.144979155,0.360998295,0.009330758,0.85,2276.653283
7B,14.07350419,0.19611655,0.472543955,0.009877464,0.85,2754.671791
7B,5.177685215,0.131145545,0.299550899,0.011380983,0.85,1848.955314
7B,12.27219232,0.136899745,0.440126701,0.007364605,0.85,2625.446559
7B,16.96956691,0.454211417,0.541868145,0.021755655,0.85,2933.116312
7B,5.29508937,0.148429226,0.310618088,0.01306063,0.85,1868.071142
7B,7.174841628,0.079475198,0.343838737,0.005713015,0.85,2133.382082
7B,14.18381102,0.298816977,0.473990408,0.014978666,0.85,2762.075236
7B,3.826537161,0.057479307,0.265104042,0.005973285,0.85,1598.344181
7B,7.686455753,0.095909474,0.34039357,0.006371006,0.85,2195.019549
7B,16.13009306,0.460219855,0.517921217,0.022165802,0.85,2884.537488
7B,6.948768138,0.122564997,0.328334446,0.00868693,0.85,2104.906296
7B,12.32894413,0.214312231,0.436422554,0.011379404,0.85,2629.779074
7B,10.02294224,0.217301788,0.395776611,0.012870916,0.85,2436.89776
7B,10.18388052,0.178578107,0.404177773,0.01063111,0.85,2451.615477
7B,5.255112942,0.122480047,0.295644593,0.010335809,0.85,1861.602478
7B,14.21752262,0.424667645,0.488628844,0.021892512,0.85,2764.327124
7B,18.1052242,0.256431873,0.551400108,0.011714566,0.85,2995.341236
7B,6.866901205,0.113732774,0.334758538,0.008316637,0.85,2094.394311
7B,9.125124691,0.1393387,0.379889888,0.008701256,0.85,2350.632003
7B,9.468636099,0.143187796,0.378059081,0.008575699,0.85,2384.509061
7B,7.901632537,0.168808827,0.351849244,0.011275251,0.85,2219.865656
7B,11.65894124,0.24048869,0.43113074,0.013339385,0.85,2577.411568
7B,4.674028774,0.107676073,0.295988654,0.010228081,0.85,1762.602841
7B,10.77096589,0.322645859,0.406602405,0.018269752,0.85,2503.564991
7B,12.40080006,0.289084268,0.43821326,0.015323273,0.85,2635.238271
7B,17.2230635,0.252397616,0.540757246,0.011886896,0.85,2947.340221
7B,6.120524204,0.072819693,0.316117243,0.005641566,0.85,1993.177993
7B,4.698323197,0.103446856,0.284568223,0.00939836,0.85,1766.941113
7B,7.319336057,0.18214515,0.346813337,0.012945922,0.85,2151.172718
7B,4.164307847,0.079063138,0.284269747,0.008095676,0.85,1667.026537
7B,6.811861493,0.094929991,0.345125856,0.007214502,0.85,2087.265353
7B,7.754923894,0.178283341,0.354054941,0.012209423,0.85,2202.991595
7B,9.697601228,0.160028489,0.407965508,0.010098287,0.85,2406.477669
7B,11.21830495,0.202556613,0.447407456,0.012117518,0.85,2541.438019
7B,11.54796276,0.178037971,0.447439938,0.010347448,0.85,2568.470653
7B,7.285844673,0.201659573,0.347893837,0.014443649,0.85,2147.076811
7B,6.021655097,0.13325993,0.313915279,0.010420473,0.85,1978.980514
7B,9.71420143,0.197054855,0.3932264,0.011965035,0.85,2408.052087
7B,4.792445764,0.114145208,0.297540247,0.010630103,0.85,1783.575787
7B,6.05301319,0.123939342,0.311302854,0.00956119,0.85,1983.50503
7B,14.6316681,0.202461237,0.505219027,0.010486221,0.85,2791.591473
7B,4.841401918,0.103513218,0.297610247,0.009544734,0.85,1792.121463
7B,10.38301778,0.286383748,0.432377328,0.017888707,0.85,2469.536048
7B,12.92237681,0.349785775,0.474321284,0.019258551,0.85,2674.008619
7B,6.719497179,0.162845231,0.334318172,0.012153168,0.85,2075.188333
7B,3.945365993,0.070418222,0.27433687,0.007344685,0.85,1623.040031
7B,6.371304444,0.083878246,0.323434996,0.006387034,0.85,2028.32379
7B,14.55153586,0.312645996,0.50702568,0.016340497,0.85,2786.372953
7B,13.07409562,0.299705121,0.4780022,0.016436285,0.85,2685.013878
7B,5.958908066,0.068240393,0.323398555,0.005555257,0.85,1969.866046
7B,4.878879098,0.088064463,0.297293483,0.008049285,0.85,1798.615133
7B,6.619363151,0.126904289,0.333388466,0.009587424,0.85,2061.931046
7B,10.33247172,0.254325224,0.4202422,0.01551587,0.85,2465.017219
7B,10.23052298,0.145589187,0.410472616,0.00876207,0.85,2455.841334
7B,4.215916459,0.096323636,0.279119465,0.009565821,0.85,1677.123225
7B,8.163809992,0.224982667,0.366728346,0.015159745,0.85,2249.339524
7B,17.1689573,0.262450262,0.553483185,0.012691086,0.85,2944.320957
7B,14.91590128,0.295024632,0.509526603,0.015117045,0.85,2809.888501
7B,9.606028576,0.188098405,0.398566695,0.011706673,0.85,2397.748462
7B,5.260664287,0.070434045,0.30042768,0.006033555,0.85,1862.503219
7B,4.786191504,0.099192434,0.29823689,0.00927131,0.85,1782.478859
7B,4.851643922,0.089833287,0.290976228,0.008081596,0.85,1793.900223
7B,9.818513152,0.121565228,0.410408283,0.007622036,0.85,2417.889879
7B,4.748280056,0.068003968,0.277537227,0.005962253,0.85,1775.804122
7B,1.69309427,0.027810951,0.129170305,0.003182648,0.85,1005.930668
7B,6.778833193,0.171502742,0.324806374,0.012326277,0.85,2082.963245
7B,5.164838164,0.099317883,0.28692226,0.00827611,0.85,1846.841535
7B,8.480342576,0.253163971,0.357750945,0.016019928,0.85,2283.82033
7B,3.958865215,0.040353747,0.202467901,0.003095712,0.85,1625.807917
7B,6.945730206,0.168634592,0.321499095,0.01170846,0.85,2104.518153
7B,7.977006158,0.146519983,0.344253902,0.009484776,0.85,2228.427107
7B,2.203619565,0.043283968,0.148801208,0.004384178,0.85,1182.191486
7B,6.024369835,0.154381046,0.302572189,0.011630613,0.85,1979.373009
7B,5.315757598,0.104203996,0.276676523,0.008135472,0.85,1871.399418
7B,4.784701515,0.123484868,0.240996448,0.009329552,0.85,1782.217356
7B,7.672341108,0.190853503,0.347809657,0.012977921,0.85,2193.368308
7B,4.855646601,0.09165427,0.243937645,0.006906782,0.85,1794.594534
7B,2.55333648,0.053373855,0.153933103,0.004826628,0.85,1287.390989
7B,4.405905169,0.045794481,0.204672559,0.003191015,0.85,1713.450684
7B,7.314907868,0.185987069,0.312757162,0.011928131,0.85,2150.632109
7B,7.210793538,0.210776289,0.332216049,0.014566344,0.85,2137.837817
7B,5.317328069,0.156981007,0.27532627,0.012192494,0.85,1871.651871
7B,5.345141026,0.125213181,0.27654068,0.009717201,0.85,1876.11243
7B,6.205357788,0.172927909,0.299132609,0.012504124,0.85,2005.203723
7B,4.400945733,0.099802928,0.279905989,0.009521398,0.85,1712.518733
7B,1.501633633,0.044483907,0.124734343,0.005542635,0.85,931.0493694
7B,4.976592772,0.10495233,0.290551481,0.009191245,0.85,1815.353237
7B,6.036292128,0.159501994,0.294002467,0.01165301,0.85,1981.094933
7B,2.744554711,0.082235257,0.175558156,0.007890389,0.85,1340.612994
7B,3.073419389,0.050566338,0.212412636,0.005242172,0.85,1426.088025
7B,2.261267831,0.035898997,0.15656596,0.003728369,0.85,1200.300579
7B,2.484036786,0.045573929,0.162198303,0.00446371,0.85,1267.392615
7B,1.746033003,0.048432552,0.116903415,0.00486411,0.85,1025.69663
7B,6.01432412,0.063862742,0.322407163,0.005135192,0.85,1977.919847
7B,3.638108242,0.059456222,0.234687209,0.005753106,0.85,1557.908896
7B,4.135166754,0.106968355,0.236106717,0.009161401,0.85,1661.28072
7B,4.702428931,0.060694279,0.279440981,0.00541012,0.85,1767.67245
7B,4.19928048,0.120548635,0.225778137,0.009722111,0.85,1673.879522
7B,4.98731718,0.149312254,0.260914411,0.011717037,0.85,1817.173609
7C,21.99987811,0.418739298,0.638653591,0.012155947,0.85,3183.722309
7C,22.27833424,0.233390003,0.641762628,0.006723168,0.85,3195.941582
7C,22.19494225,0.442694114,0.640834836,0.012781913,0.85,3192.297556
7C,22.69701202,0.396764679,0.646378814,0.011299297,0.85,3214.041697
7C,22.18079621,0.235878196,0.640677173,0.006813181,0.85,3191.67811
7C,22.1619363,0.402617756,0.640466846,0.011635415,0.85,3190.851657
7C,22.12208095,0.330646919,0.640021901,0.009566065,0.85,3189.102956
7C,22.09660528,0.361399455,0.639737152,0.010463175,0.85,3187.983601
7C,22.1061608,0.27030755,0.639843988,0.007823822,0.85,3188.403598
7C,21.95628487,0.289842601,0.638163993,0.008424336,0.85,3181.795958
7C,22.42628032,0.472093782,0.64340176,0.013544198,0.85,3202.374456
7C,22.32564213,0.41410715,0.642287716,0.011913473,0.85,3198.003022
7C,22.31217683,0.303870704,0.642138351,0.008745316,0.85,3197.416698
7C,21.85837171,0.381660455,0.637061463,0.01112348,0.85,3177.455884
7C,22.50227924,0.420712389,0.644240383,0.012044998,0.85,3205.663203
7C,22.53631334,0.417368962,0.644615198,0.011938172,0.85,3207.132535
7C,22.89160864,0.354219587,0.648501012,0.010034758,0.85,3222.345834
7C,22.51732869,0.468323873,0.644406178,0.013402602,0.85,3206.313185
7C,22.9725762,0.583095308,0.649379726,0.016482708,0.85,3225.781102
7C,22.14712411,0.308341278,0.640301558,0.008914539,0.85,3190.202106
7C,18.63831941,0.207549255,0.598374482,0.006663271,0.85,3023.285505
7C,18.32197325,0.497117327,0.594291149,0.016124487,0.85,3006.795917
7C,18.28546695,0.22596283,0.593816315,0.007338091,0.85,3004.875671
7C,18.13761874,0.399038292,0.591885491,0.013021829,0.85,2997.061446
7C,18.08116905,0.417651618,0.59114497,0.013654684,0.85,2994.061974
7C,18.02736175,0.300836827,0.590437392,0.009853095,0.85,2991.194634
7C,18.6499664,0.493601196,0.598523758,0.015840889,0.85,3023.887525
7C,18.12926111,0.44905428,0.591775969,0.014658045,0.85,2996.617919
7C,18.32711359,0.216944343,0.594357948,0.007035619,0.85,3007.066009
7C,18.38829058,0.370593114,0.595151801,0.011994544,0.85,3010.274971
7C,18.38405874,0.483957299,0.595096956,0.015665829,0.85,3010.053322
7C,18.23927578,0.469398223,0.593214425,0.015266713,0.85,3002.440781
7C,18.63194692,0.388084808,0.598292776,0.01246184,0.85,3022.955967
7C,18.30435616,0.288414527,0.594062099,0.009360402,0.85,3005.869704
7C,18.02102896,0.489036006,0.590354003,0.016020415,0.85,2990.856632
7C,18.09301636,0.507624256,0.591300538,0.016589743,0.85,2994.69222
7C,17.78407435,0.328822828,0.587216912,0.010857485,0.85,2978.128042
7C,18.26871595,0.226692475,0.593598183,0.007365829,0.85,3003.993345
7C,18.35091847,0.3111827,0.594667099,0.01008397,0.85,3008.31587
7C,18.37577975,0.312918439,0.594989628,0.01013199,0.85,3009.619556
7C,3.839929883,0.09427466,0.271318481,0.009991767,0.85,1601.157774
7C,9.921240622,0.116707146,0.413094428,0.007289069,0.85,2427.485987
7C,4.513696197,0.063332206,0.269084391,0.005663332,0.85,1733.497705
7C,5.56142547,0.097762036,0.316998518,0.008358582,0.85,1910.146598
7C,8.295809117,0.123312357,0.37275301,0.008311134,0.85,2263.861163
7C,4.18190434,0.071440691,0.282846864,0.007247933,0.85,1670.4804
7C,9.813803514,0.283634503,0.375569739,0.016281843,0.85,2417.447755
7C,11.082285,0.254497148,0.439838493,0.015150888,0.85,2530.070905
7C,7.966385352,0.2055766,0.348146067,0.013476128,0.85,2227.225084
7C,16.23446632,0.191605095,0.530715758,0.009395552,0.85,2890.705421
7C,5.495411668,0.136435835,0.322355212,0.012004779,0.85,1899.8792
7C,11.68513662,0.141874052,0.435660821,0.007934306,0.85,2579.510548
7C,13.77777686,0.288506466,0.458334157,0.014396267,0.85,2734.552966
7C,4.48470905,0.062505274,0.289856696,0.006059782,0.85,1728.145451
7C,13.56167566,0.170133287,0.474742494,0.008933575,0.85,2719.594987
7C,8.468888,0.184412865,0.367985559,0.012019513,0.85,2282.592757
7C,5.459354943,0.113767086,0.320201774,0.010008991,0.85,1894.226998
7C,16.8572965,0.260736913,0.544006165,0.012621462,0.85,2926.752492
7C,14.52767573,0.175244113,0.488462856,0.008838328,0.85,2784.813893
7C,15.70485009,0.458086858,0.527756634,0.023090801,0.85,2859.013151
7C,12.05766334,0.350823341,0.446301386,0.019478021,0.85,2608.900026
7C,14.43860272,0.428756771,0.501576253,0.022341589,0.85,2778.972476
7C,18.08418133,0.500876699,0.532326672,0.022115739,0.85,2994.222256
7C,7.48080293,0.075518937,0.348145445,0.005271809,0.85,2170.691101
7C,6.555748809,0.147223653,0.320835279,0.010807585,0.85,2053.417988
7C,11.80370891,0.157624655,0.443292137,0.008879468,0.85,2588.957595
7C,11.31805633,0.324310953,0.418583519,0.017991325,0.85,2549.694045
7C,9.263412002,0.256917888,0.400481164,0.016660833,0.85,2364.406091
7C,4.490759685,0.102119011,0.294552048,0.010047085,0.85,1729.264987
7C,16.44971831,0.440484886,0.527013481,0.021168278,0.85,2903.308632
7C,4.199021093,0.046651429,0.285727405,0.004761678,0.85,1673.828864
7C,12.36647073,0.262001325,0.431016715,0.013697556,0.85,2632.633789
7C,4.559295796,0.107314459,0.294879557,0.010411095,0.85,1741.860633
7C,12.24027228,0.203438746,0.421257779,0.010502236,0.85,2623.001589
7C,6.852429092,0.102099493,0.335919656,0.007507679,0.85,2092.524671
7C,8.415820602,0.18365798,0.375884505,0.01230436,0.85,2276.886142
7C,9.874199063,0.183550318,0.41959188,0.011699616,0.85,2423.102934
7C,9.15337261,0.245358999,0.373370075,0.015012451,0.85,2353.460859
7C,8.563137106,0.17975971,0.38490716,0.012120114,0.85,2292.649462
7C,6.751047789,0.193880467,0.320240379,0.013795271,0.85,2079.329881
7C,7.636403549,0.175074666,0.347663891,0.011955983,0.85,2189.151891
7C,14.02424606,0.176003472,0.478161483,0.009001348,0.85,2751.348225
7C,10.64823436,0.154844022,0.401620579,0.008760402,0.85,2492.922386
7C,10.54258894,0.311734831,0.389694227,0.017284359,0.85,2483.6712
7C,3.733719469,0.046740246,0.264190766,0.004960874,0.85,1578.627456
7C,4.615699427,0.077464361,0.29388887,0.007398417,0.85,1752.11062
7C,20.32204288,0.234700321,0.587480801,0.010177269,0.85,3106.80958
7C,7.732007126,0.193101325,0.364295896,0.013647043,0.85,2200.330258
7C,7.781287119,0.097556505,0.337472684,0.006346506,0.85,2206.044569
7C,6.270428433,0.115297472,0.344655461,0.009506026,0.85,2014.332357
7C,5.898641171,0.15339813,0.313932715,0.012246047,0.85,1961.034128
7C,4.719757519,0.119862224,0.290515257,0.01106682,0.85,1770.753326
7C,11.22294459,0.247987696,0.419765944,0.013913032,0.85,2541.823516
7C,6.161869425,0.124817642,0.341280639,0.010369705,0.85,1999.05675
7C,6.957298296,0.190818249,0.35680774,0.014679282,0.85,2105.995362
7C,12.85842353,0.188379154,0.463301253,0.010181221,0.85,2669.33365
7C,12.79931979,0.179808795,0.462540347,0.009746864,0.85,2664.993959
7C,9.570507919,0.110158533,0.393553645,0.006794826,0.85,2394.342135
7C,4.171625237,0.062963565,0.278592237,0.006307312,0.85,1668.464231
7C,4.965894564,0.086793365,0.303507545,0.007957008,0.85,1813.534054
7C,10.26067537,0.125995058,0.391692998,0.007214639,0.85,2458.563843
7C,4.322526515,0.060749078,0.273292664,0.00576131,0.85,1697.667766
7C,8.958876776,0.263987051,0.397195895,0.01755598,0.85,2333.82169
7C,6.708334825,0.144092491,0.320311618,0.010320258,0.85,2073.719032
7C,9.582560065,0.272313586,0.389944341,0.016621937,0.85,2395.499182
7C,11.79383547,0.272568537,0.442531175,0.015341075,0.85,2588.174291
7C,12.52471429,0.152857927,0.462374061,0.008464569,0.85,2644.58415
7C,9.048918825,0.241309808,0.395879419,0.015835525,0.85,2342.960907
7C,6.411418011,0.074820271,0.315885783,0.005529508,0.85,2033.834376
7C,4.918519337,0.068328897,0.290394548,0.006051315,0.85,1805.438702
7C,6.341520251,0.155511501,0.307614174,0.011315317,0.85,2024.212763
7C,10.89505856,0.178992767,0.440466472,0.010854505,0.85,2514.2134
7C,8.846413291,0.118130472,0.372912159,0.007469517,0.85,2322.289949
7C,9.525011582,0.096889362,0.393960642,0.00601111,0.85,2389.962411
7C,5.872419203,0.099184716,0.317824257,0.008052041,0.85,1957.167268
7C,5.643195205,0.069911637,0.313872148,0.005832684,0.85,1922.722296
7C,5.776362865,0.094288897,0.315524361,0.007725565,0.85,1942.875065
7C,10.41936352,0.299787212,0.426182514,0.018393264,0.85,2472.772979
7C,4.644874291,0.090635628,0.284157981,0.00831718,0.85,1757.372116
7C,13.49982713,0.319928741,0.47779415,0.016984671,0.85,2715.273115
7C,4.807106097,0.102537849,0.289199711,0.00925315,0.85,1786.142414
7C,5.980271252,0.076651863,0.319779552,0.00614814,0.85,1972.9784
7C,7.704734933,0.103520155,0.357635234,0.007207734,0.85,2197.154006
7C,4.86454217,0.06028437,0.276144371,0.005133224,0.85,1796.135876
7C,5.103741291,0.115923932,0.292636856,0.00997022,0.85,1836.728344
7C,2.733202801,0.033253385,0.167043626,0.003048493,0.85,1337.530106
7C,7.313343737,0.170997174,0.324482305,0.01138034,0.85,2150.441085
7C,4.819271128,0.142905341,0.245162783,0.010904679,0.85,1788.267267
7C,5.236017726,0.072149037,0.274732868,0.00567847,0.85,1858.498039
7C,2.190673618,0.025797814,0.145188354,0.002564651,0.85,1178.079972
7C,1.118944393,0.025865843,0.113339412,0.00392998,0.85,762.4694488
7C,3.413102177,0.034670126,0.238968906,0.003641152,0.85,1507.415224
7C,2.938881116,0.084494739,0.165148046,0.00712217,0.85,1391.985279
7C,5.454946362,0.101890347,0.25549343,0.00715836,0.85,1893.533751
7C,4.971726676,0.06939095,0.28443457,0.005954828,0.85,1814.526183
7C,1.666662834,0.038613133,0.116274124,0.004040747,0.85,995.9159423
7C,3.598904107,0.068243745,0.205992667,0.005859163,0.85,1549.289778
7C,5.651067038,0.088191744,0.296053671,0.006930414,0.85,1923.924759
7C,5.014989199,0.144628626,0.296019902,0.012805497,0.85,1821.855667
7C,3.341900344,0.073863597,0.178530579,0.005918898,0.85,1490.899243
7C,5.326945972,0.070521984,0.282792346,0.005615716,0.85,1873.196579
7C,4.129844921,0.06508989,0.250311767,0.005917692,0.85,1660.227881
7C,3.502318233,0.073582698,0.206177794,0.006497604,0.85,1527.737652
7C,5.352593067,0.141401238,0.275460773,0.010915409,0.85,1877.304246
7C,4.440689508,0.110061184,0.237666235,0.008835732,0.85,1719.963244
7C,6.854448127,0.111608892,0.313766979,0.007663458,0.85,2092.785715
7C,3.994901391,0.088571999,0.242297309,0.008058055,0.85,1633.160045
7C,2.201151138,0.03521694,0.161260888,0.003870099,0.85,1181.408819
7C,4.183184104,0.116967,0.271214713,0.011375248,0.85,1670.731136
7C,3.229931103,0.093720446,0.181813349,0.007913309,0.85,1464.370925
7C,5.651126179,0.116908857,0.320191277,0.009936036,0.85,1923.933787
7C,4.812908473,0.098622505,0.229214805,0.007045346,0.85,1787.156464
7C,3.936823693,0.07298194,0.19940837,0.005545032,0.85,1621.284609
7C,6.61595385,0.095582419,0.32539644,0.007051631,0.85,2061.476608
7C,4.591884087,0.056484106,0.29255472,0.00539801,0.85,1747.795376
7C,3.5636379,0.049615106,0.211393546,0.004414722,0.85,1541.473413
7C,6.225383587,0.125585826,0.305805149,0.009253597,0.85,2008.021855
7C,6.469936866,0.1341965,0.316549239,0.009848581,0.85,2041.820122
7C,6.413492647,0.151971674,0.284903943,0.010126463,0.85,2034.118567
7C,5.654124901,0.09542126,0.258871581,0.00655323,0.85,1924.391479
