sample_id,tectonic_unit,region,analysis_type,closure_temperature_band,analysis_event_dated,analysis_age_ma,analysis_uncertainty_ma,analysis_uncertainty_confidence_level,latitude,longitude,pb_loss_kind,source_reference
2000081217,Arunta Region,Central Australia,GA SHRIMP sample-group Zircon,SHRIMP zircon overprint,Isotopic resetting (min. estimate); Magmatic crystallisation | ROCK_EVENT_1,435.0,10.0,95% confidence,-22.60668174,136.3152458,overprint,GSWA Geochronology / GA SHRIMP (2022-04-02)
2009087024,Arunta Orogen,Central Australia,GA SHRIMP sample-group Zircon,SHRIMP zircon overprint,Magmatic crystallisation; Isotopic resetting | ROCK_EVENT_2,456.0,25.0,95% confidence,-22.64781478,136.0751852,overprint,GSWA Geochronology / GA SHRIMP (2022-04-02)
HU15BLR957,Arunta Orogen,Central Australia,GA SHRIMP sample-group Zircon,SHRIMP zircon overprint,Metamorphism; Isotopic resetting | ROCK_EVENT_2,573.0,88.0,95% confidence,-22.46662679,135.066602,overprint,GSWA Geochronology / GA SHRIMP (2022-04-02)
HU15BLR1032A,Arunta Orogen,Central Australia,GA SHRIMP sample-group Zircon,SHRIMP zircon overprint,Metamorphism; Isotopic resetting | ROCK_EVENT_2,584.0,13.0,95% confidence,-22.67294457,135.4514662,overprint,GSWA Geochronology / GA SHRIMP (2022-04-02)
2003087422A,Arunta Orogen,Central Australia,GA SHRIMP sample-group Zircon,SHRIMP zircon overprint,Isotopic resetting | ROCK_EVENT_1,1002.0,7.0,95% confidence,-23.141193,134.217372,overprint,GSWA Geochronology / GA SHRIMP (2022-04-02)
91988053,Musgrave Block,Central Australia,GA SHRIMP interpretation Zircon,SHRIMP zircon overprint,"Data migrated from OZCHRON1. Original comment: 'This sample is either a chilled phase of Hinckley Range gabbronorite or a type A dyke. The anhedral zircons have igneous zonation, and this magmatic crystallisation age is based on 6 grains only. Age consistent with best age of Giles Complex (1078+/-3 Ma)' source=ozchron-2011-08.",1078.0,3.0,reported,-26.05661419,128.7343369,overprint,GSWA Geochronology / GA SHRIMP (2022-04-02)
PT02-3,Pinjarra Orogen,Western Australia,Ar-Ar biotite,Ar-Ar biotite (~300 C),cooling age,620.0,1.0,2sigma,-31.92105,116.06328,cooling,Lu et al. 2015 Precam Res 270 Tables 4 & 5
PT02-4,Pinjarra Orogen,Western Australia,Ar-Ar biotite,Ar-Ar biotite (~300 C),cooling age,620.0,2.0,2sigma,-31.92105,116.06328,cooling,Lu et al. 2015 Precam Res 270 Tables 4 & 5
PT02-1,Pinjarra Orogen,Western Australia,Ar-Ar biotite,Ar-Ar biotite (~300 C),cooling age,627.0,1.0,2sigma,-31.92105,116.06328,cooling,Lu et al. 2015 Precam Res 270 Tables 4 & 5
PT02-2,Pinjarra Orogen,Western Australia,Ar-Ar biotite,Ar-Ar biotite (~300 C),cooling age,627.0,1.0,2sigma,-31.92105,116.06328,cooling,Lu et al. 2015 Precam Res 270 Tables 4 & 5
PT06A-1,Pinjarra Orogen,Western Australia,Ar-Ar biotite,Ar-Ar biotite (~300 C),cooling age,705.0,1.0,2sigma,-31.88232,116.14404,cooling,Lu et al. 2015 Precam Res 270 Tables 4 & 5
PT06A-2,Pinjarra Orogen,Western Australia,Ar-Ar biotite,Ar-Ar biotite (~300 C),cooling age,714.0,1.0,2sigma,-31.88232,116.14404,cooling,Lu et al. 2015 Precam Res 270 Tables 4 & 5
PT12B-2,Yilgarn Craton (western margin),Western Australia,Ar-Ar biotite,Ar-Ar biotite (~300 C),cooling age,757.0,2.0,2sigma,-31.63055,116.27477,cooling,Lu et al. 2015 Precam Res 270 Tables 4 & 5
PT12B-3,Yilgarn Craton (western margin),Western Australia,Ar-Ar biotite,Ar-Ar biotite (~300 C),cooling age,857.0,1.0,2sigma,-31.63055,116.27477,cooling,Lu et al. 2015 Precam Res 270 Tables 4 & 5
PT12B-6,Yilgarn Craton (western margin),Western Australia,Ar-Ar biotite,Ar-Ar biotite (~300 C),cooling age,942.0,1.0,2sigma,-31.63055,116.27477,cooling,Lu et al. 2015 Precam Res 270 Tables 4 & 5
PT13A-5,Yilgarn Craton (western margin),Western Australia,Ar-Ar biotite,Ar-Ar biotite (~300 C),cooling age,981.0,3.0,2sigma,-31.87002,116.34944,cooling,Lu et al. 2015 Precam Res 270 Tables 4 & 5
PT09A-2,Yilgarn Craton (western margin),Western Australia,Ar-Ar biotite,Ar-Ar biotite (~300 C),cooling age,981.0,2.0,2sigma,-31.7695,116.24071,cooling,Lu et al. 2015 Precam Res 270 Tables 4 & 5
PT13A-4,Yilgarn Craton (western margin),Western Australia,Ar-Ar biotite,Ar-Ar biotite (~300 C),cooling age,993.0,2.0,2sigma,-31.87002,116.34944,cooling,Lu et al. 2015 Precam Res 270 Tables 4 & 5
PT24-5,Yilgarn Craton (western margin),Western Australia,Ar-Ar biotite,Ar-Ar biotite (~300 C),cooling age,1004.0,5.0,2sigma,-31.60611,116.4674,cooling,Lu et al. 2015 Precam Res 270 Tables 4 & 5
PT24-6,Yilgarn Craton (western margin),Western Australia,Ar-Ar biotite,Ar-Ar biotite (~300 C),cooling age,1005.0,8.0,2sigma,-31.60611,116.4674,cooling,Lu et al. 2015 Precam Res 270 Tables 4 & 5
PT24-3,Yilgarn Craton (western margin),Western Australia,Ar-Ar biotite,Ar-Ar biotite (~300 C),cooling age,1010.0,2.0,2sigma,-31.60611,116.4674,cooling,Lu et al. 2015 Precam Res 270 Tables 4 & 5
PT24-2,Yilgarn Craton (western margin),Western Australia,Ar-Ar biotite,Ar-Ar biotite (~300 C),cooling age,1014.0,4.0,2sigma,-31.60611,116.4674,cooling,Lu et al. 2015 Precam Res 270 Tables 4 & 5
PT09A-6,Yilgarn Craton (western margin),Western Australia,Ar-Ar biotite,Ar-Ar biotite (~300 C),cooling age,1074.0,2.0,2sigma,-31.7695,116.24071,cooling,Lu et al. 2015 Precam Res 270 Tables 4 & 5
PT09A-3,Yilgarn Craton (western margin),Western Australia,Ar-Ar biotite,Ar-Ar biotite (~300 C),cooling age,1086.0,1.0,2sigma,-31.7695,116.24071,cooling,Lu et al. 2015 Precam Res 270 Tables 4 & 5
PT13A-1,Yilgarn Craton (western margin),Western Australia,Ar-Ar biotite,Ar-Ar biotite (~300 C),cooling age,1096.0,3.0,2sigma,-31.87002,116.34944,cooling,Lu et al. 2015 Precam Res 270 Tables 4 & 5
PT13A-6,Yilgarn Craton (western margin),Western Australia,Ar-Ar biotite,Ar-Ar biotite (~300 C),cooling age,1098.0,3.0,2sigma,-31.87002,116.34944,cooling,Lu et al. 2015 Precam Res 270 Tables 4 & 5
PT09A-4,Yilgarn Craton (western margin),Western Australia,Ar-Ar biotite,Ar-Ar biotite (~300 C),cooling age,1121.0,2.0,2sigma,-31.7695,116.24071,cooling,Lu et al. 2015 Precam Res 270 Tables 4 & 5
PT13A-7,Yilgarn Craton (western margin),Western Australia,Ar-Ar biotite,Ar-Ar biotite (~300 C),cooling age,1130.0,2.0,2sigma,-31.87002,116.34944,cooling,Lu et al. 2015 Precam Res 270 Tables 4 & 5
PT12B-4,Yilgarn Craton (western margin),Western Australia,Ar-Ar biotite,Ar-Ar biotite (~300 C),cooling age,1158.0,2.0,2sigma,-31.63055,116.27477,cooling,Lu et al. 2015 Precam Res 270 Tables 4 & 5
PT09A-5,Yilgarn Craton (western margin),Western Australia,Ar-Ar biotite,Ar-Ar biotite (~300 C),cooling age,1244.0,2.0,2sigma,-31.7695,116.24071,cooling,Lu et al. 2015 Precam Res 270 Tables 4 & 5
PT13A-2,Yilgarn Craton (western margin),Western Australia,Ar-Ar biotite,Ar-Ar biotite (~300 C),cooling age,1246.0,1.0,2sigma,-31.87002,116.34944,cooling,Lu et al. 2015 Precam Res 270 Tables 4 & 5
PT13A-3,Yilgarn Craton (western margin),Western Australia,Ar-Ar biotite,Ar-Ar biotite (~300 C),cooling age,1257.0,1.0,2sigma,-31.87002,116.34944,cooling,Lu et al. 2015 Precam Res 270 Tables 4 & 5
PT09A-1,Yilgarn Craton (western margin),Western Australia,Ar-Ar biotite,Ar-Ar biotite (~300 C),cooling age,1302.0,4.0,2sigma,-31.7695,116.24071,cooling,Lu et al. 2015 Precam Res 270 Tables 4 & 5
PT12B-1,Yilgarn Craton (western margin),Western Australia,Ar-Ar biotite,Ar-Ar biotite (~300 C),cooling age,1343.0,3.0,2sigma,-31.63055,116.27477,cooling,Lu et al. 2015 Precam Res 270 Tables 4 & 5
112140,"Pinjarra Orogen, Leeuwin Inlier",Western Australia,Ar-Ar hornblende,Ar-Ar hornblende (~500 C),cooling age,494.0,4.0,95%,-33.877407,114.980281,cooling,GSWA Geochronology / GA SHRIMP (2022-04-02)
112144A,"Pinjarra Orogen, Leeuwin Inlier",Western Australia,Ar-Ar hornblende,Ar-Ar hornblende (~500 C),cooling age,495.0,2.0,95%,-33.660577,115.010161,cooling,GSWA Geochronology / GA SHRIMP (2022-04-02)
112131,"Pinjarra Orogen, Leeuwin Inlier",Western Australia,Ar-Ar hornblende,Ar-Ar hornblende (~500 C),cooling age,496.0,1.0,95%,-34.377587,115.135811,cooling,GSWA Geochronology / GA SHRIMP (2022-04-02)
112134,"Pinjarra Orogen, Leeuwin Inlier",Western Australia,Ar-Ar hornblende,Ar-Ar hornblende (~500 C),cooling age,497.0,2.0,95%,-34.255047,115.025591,cooling,GSWA Geochronology / GA SHRIMP (2022-04-02)
112143,"Pinjarra Orogen, Leeuwin Inlier",Western Australia,Ar-Ar hornblende,Ar-Ar hornblende (~500 C),cooling age,497.0,3.0,95%,-33.854077,114.987311,cooling,GSWA Geochronology / GA SHRIMP (2022-04-02)
112132,"Pinjarra Orogen, Leeuwin Inlier",Western Australia,Ar-Ar hornblende,Ar-Ar hornblende (~500 C),cooling age,498.0,0.0,95%,-34.369477,115.136001,cooling,GSWA Geochronology / GA SHRIMP (2022-04-02)
153995A,Officer Basin (Phase 2),Western Australia,K-Ar,K-Ar (~300 C),minimum crystallization age,393.0,8.0,2sigma,-28.240026,125.436819,cooling,GSWA Geochronology / GA SHRIMP (2022-04-02)
153904,Officer Basin (Phase 2),Western Australia,K-Ar,K-Ar (~300 C),minimum crystallization age,484.0,8.0,2sigma,-27.053686,125.156689,cooling,GSWA Geochronology / GA SHRIMP (2022-04-02)
93867,Pinjarra Orogen,Western Australia,Rb-Sr biotite,Rb-Sr biotite (~320 C),cooling age,363.0,10.0,2sigma (estimated from analytical precision),-33.7667,115.1667,cooling,Libby & De Laeter 1998 AJES 45:4 Table 1
86686A,Albany-Fraser Orogen,Western Australia,Rb-Sr biotite,Rb-Sr biotite (~320 C),cooling age,418.0,10.0,2sigma (estimated from analytical precision),-34.8167,116.6667,cooling,Libby & De Laeter 1998 AJES 45:4 Table 1
86685A,Albany-Fraser Orogen,Western Australia,Rb-Sr biotite,Rb-Sr biotite (~320 C),cooling age,430.0,10.0,2sigma (estimated from analytical precision),-34.9722,116.6222,cooling,Libby & De Laeter 1998 AJES 45:4 Table 1
75497C,Pinjarra Orogen,Western Australia,Rb-Sr biotite,Rb-Sr biotite (~320 C),cooling age,438.0,10.0,2sigma (estimated from analytical precision),-33.8667,115.25,cooling,Libby & De Laeter 1998 AJES 45:4 Table 1
86689A,Albany-Fraser Orogen,Western Australia,Rb-Sr biotite,Rb-Sr biotite (~320 C),cooling age,450.0,10.0,2sigma (estimated from analytical precision),-34.6556,116.7,cooling,Libby & De Laeter 1998 AJES 45:4 Table 1
86669,Yilgarn Craton,Western Australia,Rb-Sr biotite,Rb-Sr biotite (~320 C),cooling age,479.0,10.0,2sigma (estimated from analytical precision),-32.4889,116.3167,cooling,Libby & De Laeter 1998 AJES 45:4 Table 1
95123,Yilgarn Craton,Western Australia,Rb-Sr biotite,Rb-Sr biotite (~320 C),cooling age,486.0,10.0,2sigma (estimated from analytical precision),-32.4111,116.3,cooling,Libby & De Laeter 1998 AJES 45:4 Table 1
115692,Paterson Orogen,Western Australia,Rb-Sr biotite,Rb-Sr biotite (~320 C),cooling age,491.0,10.0,2 sigma,-22.665846,122.53654,cooling,GSWA Geochronology / GA SHRIMP (2022-04-02)
PT06A-RbSr,Pinjarra Orogen,Western Australia,Rb-Sr biotite,Rb-Sr biotite (~320 C),cooling age,594.0,3.0,2sigma,-31.88232,116.14404,cooling,Lu et al. 2015 Precam Res 270 Tables 4 & 5
PT02-RbSr,Pinjarra Orogen,Western Australia,Rb-Sr biotite,Rb-Sr biotite (~320 C),cooling age,600.0,3.0,2sigma,-31.92105,116.06328,cooling,Lu et al. 2015 Precam Res 270 Tables 4 & 5
224218,Paterson Orogen,Western Australia,Rb-Sr biotite,Rb-Sr biotite (~320 C),cooling age,615.0,7.0,2 sigma,-20.626382,121.970798,cooling,GSWA Geochronology / GA SHRIMP (2022-04-02)
224274,Paterson Orogen,Western Australia,Rb-Sr biotite,Rb-Sr biotite (~320 C),cooling age,619.0,5.0,2 sigma,-20.625352,121.967753,cooling,GSWA Geochronology / GA SHRIMP (2022-04-02)
224224,Paterson Orogen,Western Australia,Rb-Sr biotite,Rb-Sr biotite (~320 C),cooling age,620.0,6.0,2 sigma,-20.626382,121.970798,cooling,GSWA Geochronology / GA SHRIMP (2022-04-02)
247517,Paterson Orogen,Western Australia,Rb-Sr biotite,Rb-Sr biotite (~320 C),cooling age,633.0,6.0,2 sigma,-21.380916,122.26048,cooling,GSWA Geochronology / GA SHRIMP (2022-04-02)
95129,Albany-Fraser Orogen,Western Australia,Rb-Sr biotite,Rb-Sr biotite (~320 C),cooling age,841.0,10.0,2sigma (estimated from analytical precision),-34.75,117.1333,cooling,Libby & De Laeter 1998 AJES 45:4 Table 1
PT09A-RbSr,Yilgarn Craton (western margin),Western Australia,Rb-Sr biotite,Rb-Sr biotite (~320 C),cooling age,853.0,4.0,2sigma,-31.7695,116.24071,cooling,Lu et al. 2015 Precam Res 270 Tables 4 & 5
95135B,Albany-Fraser Orogen,Western Australia,Rb-Sr biotite,Rb-Sr biotite (~320 C),cooling age,1006.0,11.0,2sigma (estimated from analytical precision),-34.9389,118.2056,cooling,Libby & De Laeter 1998 AJES 45:4 Table 1
95134A,Albany-Fraser Orogen,Western Australia,Rb-Sr biotite,Rb-Sr biotite (~320 C),cooling age,1025.0,11.0,2sigma (estimated from analytical precision),-34.8056,118.15,cooling,Libby & De Laeter 1998 AJES 45:4 Table 1
95126A,Albany-Fraser Orogen,Western Australia,Rb-Sr biotite,Rb-Sr biotite (~320 C),cooling age,1063.0,11.0,2sigma (estimated from analytical precision),-34.5389,117.0611,cooling,Libby & De Laeter 1998 AJES 45:4 Table 1
95131,Albany-Fraser Orogen,Western Australia,Rb-Sr biotite,Rb-Sr biotite (~320 C),cooling age,1070.0,11.0,2sigma (estimated from analytical precision),-35.0278,117.9167,cooling,Libby & De Laeter 1998 AJES 45:4 Table 1
95136,Albany-Fraser Orogen,Western Australia,Rb-Sr biotite,Rb-Sr biotite (~320 C),cooling age,1129.0,11.0,2sigma (estimated from analytical precision),-34.6889,117.9222,cooling,Libby & De Laeter 1998 AJES 45:4 Table 1
225473,Madura Province,Western Australia,Rb-Sr biotite,Rb-Sr biotite (~320 C),cooling age,1139.0,6.0,2 sigma,-33.826746,123.69619,cooling,GSWA Geochronology / GA SHRIMP (2022-04-02)
PT12B-RbSr,Yilgarn Craton (western margin),Western Australia,Rb-Sr biotite,Rb-Sr biotite (~320 C),cooling age,1216.0,6.0,2sigma,-31.63055,116.27477,cooling,Lu et al. 2015 Precam Res 270 Tables 4 & 5
PT13A-RbSr,Yilgarn Craton (western margin),Western Australia,Rb-Sr biotite,Rb-Sr biotite (~320 C),cooling age,1344.0,7.0,2sigma,-31.87002,116.34944,cooling,Lu et al. 2015 Precam Res 270 Tables 4 & 5
2006677183,Paterson Orogen,Western Australia,GA SHRIMP sample-group Baddeleyite,SHRIMP baddeleyite (magmatic),Magmatic crystallisation | ROCK_EVENT_1,824.0,33.0,95% confidence,-20.79798098,122.1928556,overprint,GSWA Geochronology / GA SHRIMP (2022-04-02)
Sue 1 3073.2-3073.7,Pinjarra Orogen,Western Australia,GA SHRIMP sample-group Zircon,SHRIMP zircon overprint,Magmatic crystallisation; Isotopic resetting | ROCK_EVENT_2,680.0,110.0,95% confidence,-34.0646392,115.3192958,overprint,GSWA Geochronology / GA SHRIMP (2022-04-02)
Sue 1 3073.2-3073.7,Pinjarra Orogen,Western Australia,GA SHRIMP sample-group Zircon,SHRIMP zircon overprint,Magmatic crystallisation; Isotopic resetting | ROCK_EVENT_1,1076.0,35.0,95% confidence,-34.0646392,115.3192958,overprint,GSWA Geochronology / GA SHRIMP (2022-04-02)
