pb207_u235_ratio,pb206_u238_ratio,pb207_u235_ratio_1sigma_abs,pb206_u238_ratio_1sigma_abs,true_upper_intercept_ma,true_lower_intercept_ma,is_concordant,case_id,tier,sample_id
21.34894260584496,0.6312601080166215,0.2004406192413182,0.0059267650529235,3150,,True,8,A,8A
21.49658967905767,0.6329528757911689,0.2573932921551115,0.0075787753737352,3150,,True,8,A,8A
20.616466125942644,0.6227202943141874,0.30422118227203,0.0091889998510783,3150,,True,8,A,8A
21.290622053884476,0.6305888685700877,0.2738110906064313,0.0081097783517297,3150,,True,8,A,8A
21.243043336721616,0.6300401653052311,0.2018908966532634,0.0059878131341549,3150,,True,8,A,8A
21.539484241598014,0.633442905441826,0.3073178199376822,0.0090377415991893,3150,,True,8,A,8A
21.270277791435102,0.6303543685029495,0.281355069661174,0.0083380856141327,3150,,True,8,A,8A
21.402754020240465,0.6318781419000966,0.1556491147635366,0.0045952625223916,3150,,True,8,A,8A
21.370093677781615,0.631503181313038,0.1204882758009601,0.0035605239090897,3150,,True,8,A,8A
21.53916869678585,0.6334393035116004,0.2437511040083694,0.0071684070878875,3150,,True,8,A,8A
21.187888446248586,0.6294028506270741,0.1810560088715822,0.0053784108027579,3150,,True,8,A,8A
21.6540308271849,0.6347476515495547,0.3016668770711326,0.0088428036008334,3150,,True,8,A,8A
21.10822961917212,0.6284800330263457,0.1466259334770434,0.0043656655805218,3150,,True,8,A,8A
21.424209814689455,0.6321242168904039,0.1165056597624383,0.003437515295903,3150,,True,8,A,8A
10.8014475265308,0.4751694686553612,0.1277864118976556,0.0056214874250549,2500,,True,8,A,8A
11.106748502329184,0.4811159830961993,0.1629926152286716,0.0070604238762332,2500,,True,8,A,8A
10.64128424127827,0.4719978728041907,0.0926280915249656,0.0041085512961021,2500,,True,8,A,8A
10.83693479065674,0.4758672854352357,0.0747175615842188,0.0032809686403278,2500,,True,8,A,8A
10.709982494561988,0.4733627282295082,0.1044978267973764,0.0046186234582527,2500,,True,8,A,8A
10.587711059299792,0.4709287959853778,0.1238565256882368,0.0055089909604267,2500,,True,8,A,8A
10.859211508040405,0.4763044318470193,0.1447183440314579,0.0063476053100823,2500,,True,8,A,8A
10.5285114839192,0.4697425879779262,0.0855301151294369,0.0038160320850973,2500,,True,8,A,8A
10.614956156353118,0.471473003238202,0.1385001644920079,0.0061516117014718,2500,,True,8,A,8A
10.749947474054986,0.474153627585207,0.0847448570957148,0.0037378863020589,2500,,True,8,A,8A
10.881688096198026,0.4767447998296716,0.0696158698540455,0.0030499866973885,2500,,True,8,A,8A
10.847944828416171,0.4760834270861985,0.0550383791027891,0.0024154676815729,2500,,True,8,A,8A
10.779916484496544,0.4747452229972111,0.1255699495095636,0.0055300737967127,2500,,True,8,A,8A
5.05234803290618,0.3278892221932231,0.0647068880056967,0.0041993724582207,1850,,True,8,A,8A
5.141222351359909,0.3309417197369084,0.0549463612445213,0.0035369104934233,1850,,True,8,A,8A
5.158959754782121,0.3315464729602457,0.0317033591747538,0.0020374527840885,1850,,True,8,A,8A
5.105449868523523,0.3297175738862853,0.0495788299797714,0.0032018748509968,1850,,True,8,A,8A
5.03220059674566,0.3271919870622501,0.063657280051715,0.0041389748978942,1850,,True,8,A,8A
5.198930705626712,0.3329039139473429,0.0547748629689664,0.0035074070613334,1850,,True,8,A,8A
5.249361337060481,0.3346060909421041,0.0422022456169585,0.0026900659962525,1850,,True,8,A,8A
5.152268475973439,0.3313185077171691,0.0482621947543804,0.0031035180755318,1850,,True,8,A,8A
5.262923965490614,0.335061893071305,0.0478151717239307,0.0030441332727588,1850,,True,8,A,8A
5.0685949563989166,0.328450050891574,0.0372004197635908,0.002410624614838,1850,,True,8,A,8A
5.100615460428894,0.3295516756925987,0.0398553876017749,0.0025750637097505,1850,,True,8,A,8A
5.197069504780248,0.3328408702111566,0.0603856088578769,0.0038673330387441,1850,,True,8,A,8A
5.145135562965659,0.3310752662989332,0.0660583033490132,0.0042506694148062,1850,,True,8,A,8A
1.5551499610112494,0.0461163403274009,0.0091761290768001,0.0004081627193547,3150,0.0,False,8,A,8A
1.4396957240185797,0.042692666071619,0.0172233732855572,0.000766111594318,3150,0.0,False,8,A,8A
2.2260833032147977,0.0660121646027266,0.0130815767352509,0.0005818806480401,3150,0.0,False,8,A,8A
6.341189729495216,0.1880413278317315,0.0931632615485437,0.0041439881522321,3150,0.0,False,8,A,8A
1.342844210334474,0.0398206360563427,0.0188347650760015,0.0008377877934678,3150,0.0,False,8,A,8A
2.184523840375381,0.0647797623391659,0.0296355624579357,0.0013182172636413,3150,0.0,False,8,A,8A
1.3760552830436847,0.0408054755702762,0.0158225249075933,0.0007038005611396,3150,0.0,False,8,A,8A
7.819594687235367,0.2318818756130707,0.0503991792305162,0.0022418021668837,3150,0.0,False,8,A,8A
6.909596977701054,0.2048968483667265,0.0585152904192019,0.002602814308892,3150,0.0,False,8,A,8A
1.7306431768853436,0.0513204075050364,0.0100849769833216,0.0004485891159214,3150,0.0,False,8,A,8A
2.061003756944116,0.0611169038704681,0.0158073972311709,0.0007031276680826,3150,0.0,False,8,A,8A
2.878334895350403,0.0853540011819175,0.0401861826910575,0.0017875186225463,3150,0.0,False,8,A,8A
5.6350920534908875,0.1671027421342928,0.0691422760064412,0.0030755124694702,3150,0.0,False,8,A,8A
1.3592267648933447,0.0403064435221242,0.0143378370941074,0.0006377602722255,3150,0.0,False,8,A,8A
2.615175335693886,0.0775502805647511,0.0206838882286436,0.0009200385037714,3150,0.0,False,8,A,8A
1.959135420586565,0.0580961052427935,0.0183198177193831,0.0008148824581524,3150,0.0,False,8,A,8A
1.0701291014501322,0.0317335556531406,0.010903099817053,0.0004849799772298,3150,0.0,False,8,A,8A
2.998240370679292,0.0889096722400257,0.0373817494649019,0.0016627748354596,3150,0.0,False,8,A,8A
3.496150375479049,0.1036746709921925,0.0228398020886129,0.001015935548856,3150,0.0,False,8,A,8A
4.714244566427492,0.1397959761196291,0.0693854973178231,0.0030863311786478,3150,0.0,False,8,A,8A
2.0091968109482936,0.0595806232462426,0.0236614805140855,0.0010524845661779,3150,0.0,False,8,A,8A
6.207379774347915,0.1840733340141098,0.0809519620705483,0.0036008182425591,3150,0.0,False,8,A,8A
1.452612078117619,0.0430756869997315,0.0143602912451201,0.0006387590536573,3150,0.0,False,8,A,8A
1.5582701261442808,0.0462088655505369,0.0164428358652381,0.000731392567006,3150,0.0,False,8,A,8A
1.6231844683594812,0.0481338322564994,0.017790792490711,0.0007913509260505,3150,0.0,False,8,A,8A
1.134121694017154,0.0336311888404472,0.0069084342151233,0.0003072935517937,3150,0.0,False,8,A,8A
1.2662895468744313,0.0375504878376608,0.0173195354001953,0.0007703889742329,3150,0.0,False,8,A,8A
1.6988005428338846,0.050376147603642,0.0162048054107876,0.0007208047519519,3150,0.0,False,8,A,8A
3.662466940356924,0.1086066142132854,0.0207500308336474,0.0009229805880967,3150,0.0,False,8,A,8A
1.7213324113246429,0.051044306521806,0.0244596252982793,0.0010879867853412,3150,0.0,False,8,A,8A
5.002004966030185,0.1483292088325679,0.0277809059474999,0.0012357204244586,3150,0.0,False,8,A,8A
4.807398776498443,0.1425583664757133,0.039324093986739,0.0017491721185974,3150,0.0,False,8,A,8A
1.9957137513610923,0.0591807972615037,0.0149556309018749,0.0006652403129342,3150,0.0,False,8,A,8A
1.7846494517884552,0.0529219069203259,0.0098505844239508,0.0004381631178095,3150,0.0,False,8,A,8A
1.1435478608501153,0.0339107119273198,0.0148892891015835,0.000662289368218,3150,0.0,False,8,A,8A
1.341681187177289,0.0397861478249373,0.0136076374453943,0.0006052803156124,3150,0.0,False,8,A,8A
1.2274294284268026,0.0363981317997076,0.0078527057498273,0.0003492956241478,3150,0.0,False,8,A,8A
2.0946812318322787,0.0621155740516383,0.0173333942819941,0.00077100543013,3150,0.0,False,8,A,8A
2.56428764431984,0.0760412594717915,0.0251533649147437,0.0011188449659542,3150,0.0,False,8,A,8A
2.9021395491164372,0.0860599032119291,0.0299710416062392,0.0013331396868453,3150,0.0,False,8,A,8A
0.8207116869058177,0.0362372282799978,0.0111675804197065,0.000739630312558,2500,0.0,False,8,A,8A
2.9607469136621924,0.1307271036850583,0.0425145439826551,0.0028157438113153,2500,0.0,False,8,A,8A
2.8811650197807284,0.1272132908546238,0.0373143957067701,0.0024713373105254,2500,0.0,False,8,A,8A
0.5652688634522829,0.0249585538640513,0.0060198342177984,0.0003986944079848,2500,0.0,False,8,A,8A
0.8992112210906779,0.0397032512275384,0.0089215530448662,0.000590875625613,2500,0.0,False,8,A,8A
0.8621783587180247,0.0380681236802276,0.009982846667161,0.0006611652410957,2500,0.0,False,8,A,8A
1.1882362405903155,0.0524646944692271,0.0150018645205965,0.0009935754503045,2500,0.0,False,8,A,8A
1.7206053815181226,0.0759706130479656,0.0247100864203027,0.0016365522571151,2500,0.0,False,8,A,8A
1.142183864367733,0.0504313245335488,0.0146233970786921,0.0009685095021019,2500,0.0,False,8,A,8A
1.0543690607724974,0.046554000577994,0.0065210467656824,0.0004318897806185,2500,0.0,False,8,A,8A
0.6245546617206525,0.027576224648919,0.0031996103068373,0.0002119106093146,2500,0.0,False,8,A,8A
1.105729524891501,0.0488217407509941,0.0088671479353718,0.0005872723680918,2500,0.0,False,8,A,8A
0.5812060887905133,0.0256622368771549,0.0045561235714083,0.000301752660337,2500,0.0,False,8,A,8A
0.6340512741841139,0.0279955325730239,0.0033541280904955,0.0002221443423461,2500,0.0,False,8,A,8A
1.8905375245048277,0.0834736984258946,0.0218597000727176,0.0014477707963203,2500,0.0,False,8,A,8A
5.915822307595537,0.2612037903742486,0.0436914725160511,0.0028936919420919,2500,0.0,False,8,A,8A
0.6253271981269614,0.0276103347737736,0.0074921751286303,0.0004962077391759,2500,0.0,False,8,A,8A
0.6332860990805126,0.0279617474748637,0.0041493728004988,0.0002748135035533,2500,0.0,False,8,A,8A
0.7156638088154129,0.0315990051385157,0.0079549153071796,0.0005268550817543,2500,0.0,False,8,A,8A
4.968065510223791,0.2193570859002805,0.0334414323778285,0.0022148304424435,2500,0.0,False,8,A,8A
3.7489745576428817,0.1655300503559164,0.0426036596165518,0.0028216459514097,2500,0.0,False,8,A,8A
0.8992359121026643,0.0397043414201749,0.0107888161585138,0.0007145447059751,2500,0.0,False,8,A,8A
0.8018306338388226,0.0354035652030957,0.00781118329827,0.0005173356919958,2500,0.0,False,8,A,8A
3.1736632099152784,0.1401280864600729,0.0352590030470416,0.0023352083857081,2500,0.0,False,8,A,8A
0.8186894335198939,0.0361479388757467,0.0066890276084888,0.0004430151738191,2500,0.0,False,8,A,8A
5.922160452286857,0.2614836411424482,0.0631167219989652,0.0041802287572836,2500,0.0,False,8,A,8A
0.746300665970414,0.0329517271774732,0.0078297715217956,0.0005185667924723,2500,0.0,False,8,A,8A
1.157259829925446,0.0510969799813418,0.0160442836889802,0.0010626150082349,2500,0.0,False,8,A,8A
0.5796566491657268,0.0255938238177514,0.0077522257881028,0.0005134309283824,2500,0.0,False,8,A,8A
1.0262601692141402,0.0453128968672158,0.0080111042453701,0.0005305764824834,2500,0.0,False,8,A,8A
1.4429489344447468,0.0637111311659126,0.0191504347873551,0.0012683358019432,2500,0.0,False,8,A,8A
0.620456191902113,0.0273952631873209,0.0053664457307702,0.0003554204029882,2500,0.0,False,8,A,8A
0.5583849327693956,0.0246546047774239,0.0067308075235059,0.0004457822630579,2500,0.0,False,8,A,8A
1.2698747643672597,0.0560693145443969,0.0084288103109346,0.0005582412098656,2500,0.0,False,8,A,8A
2.5176341468297405,0.11116215933045,0.0375208471186795,0.0024850106145518,2500,0.0,False,8,A,8A
2.8213002002918137,0.1245700543022856,0.0263447095681352,0.0017448135620986,2500,0.0,False,8,A,8A
1.0743744805488171,0.0474373082910897,0.007873577929554,0.0005214680965905,2500,0.0,False,8,A,8A
1.6153986099686994,0.0713253742167614,0.0120131937156056,0.0007956353918002,2500,0.0,False,8,A,8A
0.6293554102454785,0.0277881941175942,0.0035124859247528,0.0002326324024312,2500,0.0,False,8,A,8A
1.3330851377997548,0.0588602687470511,0.0169118858491102,0.0011200764128325,2500,0.0,False,8,A,8A
0.3012159686792174,0.0193138691510367,0.0025319937075693,0.0002435259095343,1850,0.0,False,8,A,8A
0.4912689891743233,0.0315000065118712,0.0055554281164972,0.0005343183440298,1850,0.0,False,8,A,8A
1.1531803886666394,0.0739415484242415,0.0109345409533581,0.0010516787711778,1850,0.0,False,8,A,8A
0.7462751634156762,0.0478509187945101,0.0084610422267301,0.0008137788801421,1850,0.0,False,8,A,8A
0.2637247115742535,0.0169099420378487,0.0032192768646815,0.0003096284655726,1850,0.0,False,8,A,8A
0.2685128213830902,0.017216954068898,0.0025242586906045,0.0002427819594067,1850,0.0,False,8,A,8A
0.4478385764833518,0.028715262689799,0.0055252241002395,0.0005314133366008,1850,0.0,False,8,A,8A
0.3391141849480019,0.0217438903523778,0.0033562122128948,0.0003227988400176,1850,0.0,False,8,A,8A
0.2627836720979744,0.0168496028951714,0.0015368095589176,0.0001478095875584,1850,0.0,False,8,A,8A
0.4461255506409746,0.0286054240344412,0.0038933481256113,0.0003744603079339,1850,0.0,False,8,A,8A
2.507627095803751,0.160788227198957,0.0342405583804703,0.0032932400651861,1850,0.0,False,8,A,8A
0.3435848915300573,0.0220305505925939,0.0046663133547374,0.0004488037235192,1850,0.0,False,8,A,8A
4.200526976792264,0.2693364125112642,0.0586240196900448,0.005638429381912,1850,0.0,False,8,A,8A
0.3753922076520777,0.024070025273568,0.0029991722098313,0.0002884589081188,1850,0.0,False,8,A,8A
0.4222478627517733,0.0270743945158421,0.0024693544451176,0.0002375012960783,1850,0.0,False,8,A,8A
0.6825719046298997,0.043766286727764,0.0061973566687706,0.0005960587164806,1850,0.0,False,8,A,8A
1.3903884740719707,0.0891512530862328,0.0138610134487069,0.0013331454565122,1850,0.0,False,8,A,8A
1.4078584685188655,0.0902714234022229,0.0134208320331371,0.0012908090244483,1850,0.0,False,8,A,8A
0.3954016327726509,0.0253530230517428,0.0041155641373028,0.0003958329346503,1850,0.0,False,8,A,8A
0.795940862718424,0.0510354671497454,0.0081945459168849,0.0007881473961267,1850,0.0,False,8,A,8A
0.3423502754026987,0.0219513874113053,0.002815804815698,0.0002708227223329,1850,0.0,False,8,A,8A
1.2707574844857663,0.0814805532577731,0.0119246136143445,0.0011469034727839,1850,0.0,False,8,A,8A
0.5118987546862477,0.0328227803125465,0.0054372387586444,0.0005229509497182,1850,0.0,False,8,A,8A
1.6885664911105505,0.1082703297741351,0.0090480611454919,0.0008702380710468,1850,0.0,False,8,A,8A
0.2694168664842065,0.0172749211443693,0.0025732485622573,0.0002474937811686,1850,0.0,False,8,A,8A
0.4765657106980699,0.0305572371167864,0.0026712863953463,0.0002569230117391,1850,0.0,False,8,A,8A
0.3622503378556939,0.0232273728910921,0.0018172676084412,0.0001747839048295,1850,0.0,False,8,A,8A
1.5892642585747765,0.1019031031824922,0.0132400677412154,0.0012734232037529,1850,0.0,False,8,A,8A
0.5586181054216348,0.0358184097636716,0.0041476436466673,0.000398918326084,1850,0.0,False,8,A,8A
0.5084855838410637,0.0326039289170409,0.002789395756251,0.0002682827119836,1850,0.0,False,8,A,8A
0.527094358935371,0.0337971174747673,0.0074785370163669,0.0007192820122152,1850,0.0,False,8,A,8A
3.91584288826338,0.2510825620951047,0.0290414144644536,0.0027931889603344,1850,0.0,False,8,A,8A
0.4363912426869458,0.0279812634000486,0.0048837376884054,0.000469715489,1850,0.0,False,8,A,8A
1.229280297047499,0.0788210495984938,0.0117329571343672,0.0011284700467983,1850,0.0,False,8,A,8A
0.4139196343658694,0.0265403912423417,0.0053776998608939,0.0005172245278144,1850,0.0,False,8,A,8A
0.415602663303216,0.0266483065059841,0.0022020074156408,0.0002117879902671,1850,0.0,False,8,A,8A
0.6749466976699451,0.0432773609575935,0.0083597574163817,0.0008040373568956,1850,0.0,False,8,A,8A
0.7272925557454007,0.0466337602145823,0.0086772942229985,0.0008345778907883,1850,0.0,False,8,A,8A
1.175674013774985,0.0753838322911294,0.0175538074334378,0.0016883165658108,1850,0.0,False,8,A,8A
0.4259636872742091,0.027312651965901,0.004778426693943,0.0004595867293456,1850,0.0,False,8,A,8A
21.19897348456352,0.6295310453127084,0.1167045244612009,0.003465692399223,3150,,True,8,B,8B
20.841392349746258,0.6253682768794296,0.1656380480353717,0.0049701468571419,3150,,True,8,B,8B
21.37753502623187,0.6315886530679818,0.2856562807158611,0.008439572914106,3150,,True,8,B,8B
21.20827818352637,0.6296386093539493,0.2323820254305663,0.0068990369734308,3150,,True,8,B,8B
21.599440458285024,0.6341265333615802,0.296752228067958,0.0087121915040108,3150,,True,8,B,8B
21.261358106884668,0.6302514980001362,0.2361648157715022,0.0070006454040543,3150,,True,8,B,8B
20.895218686048413,0.6259985482517061,0.1872559499784862,0.005609989280289,3150,,True,8,B,8B
21.373573526603916,0.6315431540373035,0.2619907741426875,0.0077412642123133,3150,,True,8,B,8B
21.61305115606236,0.6342815113210023,0.2719834418820052,0.007981939584815,3150,,True,8,B,8B
20.843363765918216,0.6253913839540495,0.1916072878098075,0.0057490503090002,3150,,True,8,B,8B
21.32007733045296,0.6309280682844433,0.1092589742723445,0.0032333163014341,3150,,True,8,B,8B
21.05943529305724,0.6279133846731446,0.2148546908098655,0.0064061611454415,3150,,True,8,B,8B
21.083542730201003,0.6281934760968844,0.1252514161860967,0.0037319213154482,3150,,True,8,B,8B
21.35116656183714,0.6312856753789341,0.1910944865615607,0.0056500524999803,3150,,True,8,B,8B
10.772085497298155,0.4745907599297883,0.0699511393213358,0.0030818697434952,2500,,True,8,B,8B
10.533922780484934,0.4698512293467267,0.0714665313008731,0.0031876669583214,2500,,True,8,B,8B
10.98151348828504,0.4786921685590224,0.1492368861356272,0.0065053445255491,2500,,True,8,B,8B
10.78497639898136,0.47484498177077,0.0768049298273456,0.003381596227435,2500,,True,8,B,8B
10.36861163979697,0.466512758962864,0.1278962962508041,0.0057544111109424,2500,,True,8,B,8B
10.734755969226027,0.4738532579870919,0.0943641616531593,0.0041654198348576,2500,,True,8,B,8B
10.70934878549749,0.4733501689432693,0.1329797413293182,0.0058776667269914,2500,,True,8,B,8B
10.275586312308311,0.4646160824707894,0.1318316755133332,0.0059608390957893,2500,,True,8,B,8B
11.003421524584224,0.4791177150214849,0.0665283477027023,0.0028968180364859,2500,,True,8,B,8B
10.664082092531611,0.4724515572833396,0.1456257766262629,0.0064516687278558,2500,,True,8,B,8B
10.575757602471104,0.4706896913408191,0.0634400015326973,0.0028234908422172,2500,,True,8,B,8B
10.979692004595435,0.478656758153737,0.1365434898568445,0.0059525771920123,2500,,True,8,B,8B
10.671643339392542,0.4726018635223688,0.1578575770976766,0.0069908431845825,2500,,True,8,B,8B
5.187295410635632,0.3325095340143382,0.0632493431014491,0.0040543304239537,1850,,True,8,B,8B
5.175526996117686,0.3321100058793491,0.0463018113765449,0.0029711553741336,1850,,True,8,B,8B
5.2175227953883265,0.3335328028680476,0.0578488211421118,0.0036980153637651,1850,,True,8,B,8B
5.262305004847931,0.3350411096480686,0.047841718543623,0.0030459926692883,1850,,True,8,B,8B
5.273204215654456,0.3354068298910753,0.075690590890699,0.00481436714851,1850,,True,8,B,8B
5.139464620417347,0.3308817101429731,0.0358088178752029,0.0023053924429551,1850,,True,8,B,8B
5.1868849418509315,0.3324956097117931,0.0463763004441602,0.0029728664632487,1850,,True,8,B,8B
5.185322211897035,0.3324425902147807,0.0343720231545905,0.0022036671862391,1850,,True,8,B,8B
5.22298947924497,0.3337174154034384,0.0438458347829329,0.0028014834642327,1850,,True,8,B,8B
5.245240236110715,0.3344674271419541,0.0390034356819594,0.0024870889025122,1850,,True,8,B,8B
5.053676512218378,0.3279351276487134,0.0633480656799296,0.0041106817887573,1850,,True,8,B,8B
5.191721329609905,0.3326596247239988,0.0403974771172406,0.002588468972896,1850,,True,8,B,8B
5.260431584055314,0.3349781934892345,0.036074258351514,0.0022971670101521,1850,,True,8,B,8B
1.8961549957590071,0.0574108944748372,0.0276712032144197,0.0012567236312073,3150,0.0,False,8,B,8B
1.574470107711433,0.0469010312041125,0.0199139538570731,0.0008898088633185,3150,0.0,False,8,B,8B
1.1734965201975458,0.0356526296446775,0.0067103129205204,0.0003058044449696,3150,0.0,False,8,B,8B
5.500776778402402,0.169004465380128,0.0614302645700585,0.0028310517150737,3150,0.0,False,8,B,8B
1.9105675405671456,0.0554665368132772,0.0207149055601154,0.0009020754677109,3150,0.0,False,8,B,8B
1.4193851404775597,0.0420023570370981,0.018059589241475,0.0008016273669828,3150,0.0,False,8,B,8B
4.117969922477641,0.1253860077330633,0.0314835194685783,0.0014379389200987,3150,0.0,False,8,B,8B
1.226832896703103,0.036848921955862,0.0148476862607605,0.0006689434645722,3150,0.0,False,8,B,8B
1.1880257944860515,0.0366377454257547,0.0078558688337678,0.0003634028702477,3150,0.0,False,8,B,8B
1.905859400365829,0.0560032063199228,0.0187161255460604,0.0008249530686243,3150,0.0,False,8,B,8B
1.1094673002333046,0.0329592734486907,0.0058807822247446,0.0002620532070618,3150,0.0,False,8,B,8B
1.761316292688382,0.0564375496186102,0.0170629153352401,0.0008201160134057,3150,0.0,False,8,B,8B
1.654408818659309,0.0489287538160907,0.015518182708822,0.0006884199354501,3150,0.0,False,8,B,8B
1.5870498527892998,0.0477870427472332,0.0152080963195409,0.0006868876371293,3150,0.0,False,8,B,8B
6.0471754737458765,0.1770905710061601,0.0495358306335356,0.0021759733706032,3150,0.0,False,8,B,8B
1.445348434126864,0.0424750857330912,0.0209584353250371,0.0009238720396858,3150,0.0,False,8,B,8B
2.8344540322883933,0.0829811366954897,0.0269169020289253,0.0011820239989276,3150,0.0,False,8,B,8B
1.4140825099956098,0.0418295556005793,0.019897361649367,0.0008828669361941,3150,0.0,False,8,B,8B
2.381441116034717,0.069716071969285,0.0149032256411196,0.0006544321069131,3150,0.0,False,8,B,8B
7.495286429119414,0.2205574397362856,0.0619520533290929,0.0027345158316269,3150,0.0,False,8,B,8B
4.284670704439946,0.1297648648160516,0.0269661236644186,0.0012250376866652,3150,0.0,False,8,B,8B
3.3858502125279837,0.0997595683167941,0.0237863564417577,0.0010512499822108,3150,0.0,False,8,B,8B
1.8736100923779735,0.0555190317735652,0.0210870723354491,0.0009372818633123,3150,0.0,False,8,B,8B
2.990052511027345,0.0877964645662437,0.0269123098709412,0.0011853331929451,3150,0.0,False,8,B,8B
1.2208566624646828,0.0357089337347128,0.0100380748336962,0.0004404066751827,3150,0.0,False,8,B,8B
1.8304155255913768,0.0552490720849081,0.0258577645981739,0.0011707321208752,3150,0.0,False,8,B,8B
1.140084426253829,0.0339495766888711,0.0143945930058899,0.0006429659873054,3150,0.0,False,8,B,8B
2.1024976850370356,0.061827885737737,0.0159329042710079,0.0007028053764926,3150,0.0,False,8,B,8B
16.81525238536827,0.4994281192378863,0.2142827980212872,0.0095465877360775,3150,0.0,False,8,B,8B
6.4556751788848,0.1905532118795002,0.0595729920188897,0.0026376385093539,3150,0.0,False,8,B,8B
1.6524920544581665,0.0491548374278177,0.0213293424625056,0.0009516902290315,3150,0.0,False,8,B,8B
3.3018806065951147,0.1011028734913134,0.0223324801429554,0.0010257236028449,3150,0.0,False,8,B,8B
2.339594782559225,0.069123466950913,0.0349077369149263,0.0015470267438773,3150,0.0,False,8,B,8B
1.0841693904510528,0.0315227271554273,0.0088720442086576,0.0003869381916197,3150,0.0,False,8,B,8B
2.112843923391568,0.0640913057795452,0.0272021022410133,0.0012377286130368,3150,0.0,False,8,B,8B
1.868569773450301,0.0562726784654624,0.0238172365710056,0.0010758974975453,3150,0.0,False,8,B,8B
11.877225009133303,0.3539707761103144,0.1616253935633878,0.0072252566514619,3150,0.0,False,8,B,8B
1.2710986058694969,0.0378205650455465,0.0157336274791548,0.000702213044759,3150,0.0,False,8,B,8B
4.079344035922204,0.119810438261057,0.0275882514644871,0.001215401472532,3150,0.0,False,8,B,8B
4.816143940474438,0.1420264234669144,0.0555561384161037,0.0024574970365487,3150,0.0,False,8,B,8B
1.0344892977235076,0.0493567466127827,0.0071617764326856,0.0005125456379249,2500,0.0,False,8,B,8B
1.9650227863898335,0.0894434652141785,0.0206505967650052,0.0014099538281661,2500,0.0,False,8,B,8B
0.6174743645503237,0.0282514252579798,0.0060894832521942,0.0004179199757168,2500,0.0,False,8,B,8B
1.735732064148089,0.0784574329009214,0.0153676419654182,0.001041957249553,2500,0.0,False,8,B,8B
1.6776263785237957,0.0759214002832145,0.0094966941657231,0.0006446628954632,2500,0.0,False,8,B,8B
1.1359659927005188,0.0473696943355772,0.0123339930122514,0.0007714898368637,2500,0.0,False,8,B,8B
2.1375009788999324,0.0983348987351333,0.0197234490152081,0.001361054367294,2500,0.0,False,8,B,8B
2.3564593668594043,0.1063507167264967,0.0130847215760902,0.000885801090412,2500,0.0,False,8,B,8B
1.3547659806214658,0.060157917098825,0.0193686370165185,0.0012900864909035,2500,0.0,False,8,B,8B
3.4329886567216685,0.157299098910875,0.0464271315700556,0.0031909277999014,2500,0.0,False,8,B,8B
0.6791138782107484,0.0308302708672285,0.006120615451239,0.000416793644535,2500,0.0,False,8,B,8B
1.456769750508179,0.0654151421734778,0.0215402949290271,0.001450875941187,2500,0.0,False,8,B,8B
1.0188002682843076,0.0449471599954576,0.0083652225647278,0.0005535820053045,2500,0.0,False,8,B,8B
2.3593773399047584,0.0990983411553556,0.0214389393842438,0.0013507144193356,2500,0.0,False,8,B,8B
1.150962855499528,0.0510856122305395,0.0095445028845721,0.0006354507067253,2500,0.0,False,8,B,8B
1.087842742280092,0.0491159941752087,0.0089280945094758,0.0006046539001639,2500,0.0,False,8,B,8B
1.444324063889582,0.0618900506397646,0.0128414377557643,0.0008253936074962,2500,0.0,False,8,B,8B
2.01931200222728,0.0914867357029722,0.0288257769627863,0.0019589663971083,2500,0.0,False,8,B,8B
0.8550969027822727,0.0381911356434254,0.0121757282237683,0.0008157056000993,2500,0.0,False,8,B,8B
0.899841652705892,0.0392962439875388,0.0047379581849877,0.000310361206797,2500,0.0,False,8,B,8B
0.7093331842354027,0.0312619708323513,0.0091266333755865,0.0006033480867514,2500,0.0,False,8,B,8B
1.4630848888173058,0.0642683568077795,0.0096649677787231,0.0006368238806438,2500,0.0,False,8,B,8B
0.6486841262112439,0.030083820026326,0.0087938352517168,0.000611743404141,2500,0.0,False,8,B,8B
2.341009372733428,0.1014671905821321,0.022983176755469,0.0014942518405898,2500,0.0,False,8,B,8B
0.8342217123847172,0.0402344533332217,0.0076549793763511,0.0005537986591192,2500,0.0,False,8,B,8B
3.2412425665547695,0.1406914181660541,0.0445455069230679,0.002900355533369,2500,0.0,False,8,B,8B
6.614691821655991,0.298979352990099,0.0772814779612698,0.0052396015344206,2500,0.0,False,8,B,8B
1.314371454012472,0.0575213246564925,0.0093889023276,0.0006163350139398,2500,0.0,False,8,B,8B
2.9238006984547833,0.1257423250520083,0.026460222690989,0.0017069408617611,2500,0.0,False,8,B,8B
0.7082139709688183,0.0288875331158998,0.0080328067248914,0.0004914785215861,2500,0.0,False,8,B,8B
1.126268363023333,0.0513413019546123,0.0164289613740622,0.0011233791533158,2500,0.0,False,8,B,8B
5.627657862210878,0.2504069984336914,0.0808060817932764,0.005393293860199,2500,0.0,False,8,B,8B
0.6263582000071322,0.027976085556923,0.0088676340085026,0.0005941049890618,2500,0.0,False,8,B,8B
0.8586000594664224,0.040020577316225,0.0069602773151732,0.0004866427273613,2500,0.0,False,8,B,8B
2.366764374811364,0.1006848580579018,0.0285868189960276,0.0018241738659586,2500,0.0,False,8,B,8B
0.6384039399944582,0.0282085712507164,0.0082723652540235,0.0005482851609956,2500,0.0,False,8,B,8B
0.9739242867480432,0.0414556712115807,0.0095730756988357,0.0006112255604277,2500,0.0,False,8,B,8B
1.1431503265495988,0.0486264682728822,0.0066009624942699,0.000421180162193,2500,0.0,False,8,B,8B
0.6660187422679557,0.0299005954238745,0.0043792286879609,0.0002949050911573,2500,0.0,False,8,B,8B
2.175109166587113,0.0943856848798369,0.0321305544765255,0.0020913877126872,2500,0.0,False,8,B,8B
0.9012754216392904,0.0593111495668979,0.0096307562017058,0.0009506714725717,1850,0.0,False,8,B,8B
0.2772706599383805,0.0181137255967173,0.0030993006833314,0.0003037098234558,1850,0.0,False,8,B,8B
0.3265106553641176,0.0190585165579553,0.0030621526423652,0.0002681080351225,1850,0.0,False,8,B,8B
0.2778985929287819,0.0175165141029179,0.002280808568258,0.0002156460115409,1850,0.0,False,8,B,8B
0.3962581193585509,0.0246936611381043,0.0026504637355908,0.0002477538635099,1850,0.0,False,8,B,8B
0.2785652548544829,0.0176764511334493,0.0028084751624768,0.0002673190918675,1850,0.0,False,8,B,8B
0.536675908304376,0.0354525832952138,0.0030420172675472,0.0003014315592363,1850,0.0,False,8,B,8B
0.4636720046287229,0.0269600112760142,0.0044930052748121,0.0003918658178504,1850,0.0,False,8,B,8B
0.285825344925003,0.0184126322739369,0.0036635865023287,0.0003540078177225,1850,0.0,False,8,B,8B
0.606586045601779,0.0360503424627406,0.0070517422954163,0.0006286438499995,1850,0.0,False,8,B,8B
0.3916938592551435,0.0240641948856496,0.0039395092255497,0.0003630429052591,1850,0.0,False,8,B,8B
0.3465364603239281,0.0221128328179459,0.0024208471000026,0.0002317149564152,1850,0.0,False,8,B,8B
0.4369925824268812,0.0256448495372544,0.0063628158987882,0.0005601014625401,1850,0.0,False,8,B,8B
1.2823348706117883,0.0818087083248536,0.016164421209575,0.0015468546285534,1850,0.0,False,8,B,8B
0.3627769234232009,0.0229284753732036,0.0028058244782163,0.0002660034581717,1850,0.0,False,8,B,8B
0.7330315451002697,0.0477477626009319,0.0071919418321901,0.0007026964941791,1850,0.0,False,8,B,8B
0.3180301965052543,0.0209153204740203,0.0023558184480014,0.0002323963181484,1850,0.0,False,8,B,8B
0.5912660760311955,0.0418039274036556,0.0074013546799843,0.0007849402484097,1850,0.0,False,8,B,8B
0.7627185733997938,0.0470436704384939,0.0066301054144276,0.0006134067760376,1850,0.0,False,8,B,8B
0.9130963921460172,0.0593742717245057,0.0124836007321164,0.0012176228736818,1850,0.0,False,8,B,8B
0.254680133462054,0.0166421222657014,0.0024473013492637,0.0002398790654878,1850,0.0,False,8,B,8B
1.9826708758296856,0.1240834273485959,0.0211782429791752,0.0019881279889515,1850,0.0,False,8,B,8B
0.4634515227497972,0.0287641558370137,0.0062465704853311,0.0005815408453754,1850,0.0,False,8,B,8B
0.2631666489661753,0.0166993225134883,0.0020213438315645,0.000192397513248,1850,0.0,False,8,B,8B
0.4221866103501714,0.0264268676447438,0.0028278058053973,0.0002655107288301,1850,0.0,False,8,B,8B
1.0085755719913605,0.0688555148074158,0.0119146004862825,0.0012201157349883,1850,0.0,False,8,B,8B
1.0683257423019163,0.0697081796307103,0.0068378766532925,0.0006692564568555,1850,0.0,False,8,B,8B
0.3532040927144078,0.0238746597402501,0.0027005900348789,0.0002738176149877,1850,0.0,False,8,B,8B
0.5687917746076706,0.0359286047246939,0.0049958006198023,0.0004733511113343,1850,0.0,False,8,B,8B
0.2769036881432483,0.0196803441260946,0.0014915259598843,0.0001590105806843,1850,0.0,False,8,B,8B
1.0171085256492187,0.0655624482864496,0.0126841142895148,0.0012264201403211,1850,0.0,False,8,B,8B
0.5967677275465143,0.040761558281927,0.0081268689546014,0.0008326451664146,1850,0.0,False,8,B,8B
0.3966455226930181,0.0250772730812759,0.0056456420198712,0.0005354049089859,1850,0.0,False,8,B,8B
0.946602352449058,0.0574840431280593,0.006631540833905,0.0006040674497302,1850,0.0,False,8,B,8B
1.1050712961385392,0.0715449448804854,0.0143959914779239,0.0013980461085004,1850,0.0,False,8,B,8B
0.8158547317550147,0.0539280250325115,0.0073593996439563,0.000729684843593,1850,0.0,False,8,B,8B
0.9878093782806252,0.0617623276853617,0.0112536217041321,0.001055441292551,1850,0.0,False,8,B,8B
0.2920931523118399,0.0208930386899252,0.0021254483818343,0.0002280457873984,1850,0.0,False,8,B,8B
2.4800929008819246,0.1580039075278977,0.015582256501054,0.0014890918487728,1850,0.0,False,8,B,8B
0.3267670419433719,0.0209445313636351,0.0033573929050095,0.0003227942783679,1850,0.0,False,8,B,8B
20.7702657518171,0.6245334205519225,0.2742725938079727,0.0082470009397715,3150,,True,8,C,8C
20.469095624346657,0.6209727350750994,0.1264670588856081,0.0038366421699496,3150,,True,8,C,8C
20.76351608056214,0.6244540762080619,0.208232098807843,0.0062624934232428,3150,,True,8,C,8C
21.209431667853195,0.6296519412008553,0.2296227134737407,0.0068168911617603,3150,,True,8,C,8C
21.18992310972947,0.6294263848583972,0.2726912942349963,0.0081000338993151,3150,,True,8,C,8C
21.082679871217607,0.6281834554457447,0.1574296525432554,0.0046908032436264,3150,,True,8,C,8C
21.425530875699383,0.6321393615621,0.2523867229740865,0.0074464237480594,3150,,True,8,C,8C
21.17098686455984,0.6292072857081471,0.1457686453720216,0.0043322823958395,3150,,True,8,C,8C
21.376612581614417,0.631578059116527,0.3122324223441003,0.0092249951457204,3150,,True,8,C,8C
21.49703676582673,0.632957987391057,0.3047978847625837,0.0089744580986651,3150,,True,8,C,8C
22.047086036197264,0.639182904095502,0.1878523452215237,0.0054461622439676,3150,,True,8,C,8C
21.214848098941353,0.6297145359248004,0.2066183508757792,0.0061329960190373,3150,,True,8,C,8C
21.64360792557322,0.6346291593490183,0.1285214372596098,0.0037684776016489,3150,,True,8,C,8C
21.32229857200563,0.6309536322604403,0.2932965420486107,0.0086790135646051,3150,,True,8,C,8C
10.77866994012268,0.474720641202092,0.1388069408828611,0.0061134184779075,2500,,True,8,C,8C
10.71424347044605,0.4734471603420693,0.158568504074184,0.0070069163707819,2500,,True,8,C,8C
10.753148298207757,0.4742168732133706,0.0861671664031898,0.0037999963445298,2500,,True,8,C,8C
10.690369578036371,0.4729737601729955,0.0894630573737583,0.0039581118626219,2500,,True,8,C,8C
10.902260428776817,0.4771472443425414,0.1263005903875314,0.0055276590626268,2500,,True,8,C,8C
10.604578986813598,0.4712658513728911,0.0556158036683413,0.0024715577203149,2500,,True,8,C,8C
10.472535780410816,0.4686162484571003,0.1269185263430602,0.0056792437783636,2500,,True,8,C,8C
10.636887939804009,0.4719102989306948,0.1059013964912536,0.0046983629007081,2500,,True,8,C,8C
10.61941930336611,0.4715620498367271,0.0900819729141052,0.0040001471443214,2500,,True,8,C,8C
10.63680115083346,0.4719085698227809,0.056470015399541,0.0025053287945483,2500,,True,8,C,8C
10.705235257095556,0.4732686302554549,0.1547065240090442,0.0068394335062196,2500,,True,8,C,8C
10.63740367914032,0.4719205738482623,0.1329362455400503,0.0058976185517445,2500,,True,8,C,8C
10.702839809661352,0.4732211363823613,0.1462659541300913,0.0064670818454193,2500,,True,8,C,8C
5.1356449977936,0.3307512568747422,0.0367673556877476,0.0023679302426292,1850,,True,8,C,8C
5.221633292841457,0.3336716290855194,0.0667987852790159,0.0042685608611274,1850,,True,8,C,8C
5.404827282301131,0.3397816629850239,0.03949557567149,0.0024829419482385,1850,,True,8,C,8C
5.202675443028064,0.3330307096826726,0.0758818170324694,0.0048573038343567,1850,,True,8,C,8C
5.13913348113573,0.3308704033033857,0.0583579623514408,0.0037572331230668,1850,,True,8,C,8C
4.975216730351023,0.3252092897355618,0.0513249785233979,0.0033549010457097,1850,,True,8,C,8C
5.360351710482244,0.3383119456938028,0.050898267728645,0.0032123809999349,1850,,True,8,C,8C
5.207824897359978,0.3332049634533209,0.0365347131121727,0.0023375493583684,1850,,True,8,C,8C
5.169084551073404,0.3318910183290394,0.067805589169034,0.0043535883027949,1850,,True,8,C,8C
4.9795996349376415,0.3253623527910276,0.0537104246064799,0.0035093885855319,1850,,True,8,C,8C
5.173714553531444,0.3320484179323381,0.0761749921077147,0.0048889024227496,1850,,True,8,C,8C
5.1956205623649225,0.3327917797011773,0.0738763992234265,0.0047319580174053,1850,,True,8,C,8C
5.135957838502197,0.3307619440344556,0.0343664764539685,0.0022132429663488,1850,,True,8,C,8C
5.879829187054267,0.1740931900753343,0.0812695332013893,0.0036094090085424,3150,0.0,False,8,C,8C
2.923800630156441,0.0856043379343474,0.023614527995546,0.0010370950128271,3150,0.0,False,8,C,8C
3.986013009909074,0.1209981224422747,0.0314828905347407,0.0014335266722496,3150,0.0,False,8,C,8C
1.837493418674498,0.0543325743550564,0.0219312275778726,0.0009727218946438,3150,0.0,False,8,C,8C
1.5244417082253787,0.0454738642974895,0.0089440745636048,0.0004002005758345,3150,0.0,False,8,C,8C
4.009535526548673,0.1185496475190854,0.038994977667466,0.0017294425352574,3150,0.0,False,8,C,8C
2.0307480435477263,0.0597056584814042,0.0223787817767906,0.0009869318152787,3150,0.0,False,8,C,8C
1.3550978517201282,0.0418666558970523,0.0134629863281909,0.0006239219720187,3150,0.0,False,8,C,8C
5.36511196332405,0.1562710035488836,0.0612460432679941,0.0026758940103156,3150,0.0,False,8,C,8C
2.3858223497979645,0.0707506866005694,0.029968151052414,0.0013330417895243,3150,0.0,False,8,C,8C
1.2385435490328052,0.0367383949328328,0.0094484936718856,0.0004204000242573,3150,0.0,False,8,C,8C
1.7341889229906329,0.0519796383184648,0.0235844585248087,0.0010603616547806,3150,0.0,False,8,C,8C
1.0798743301152027,0.031947582769692,0.0088641492385831,0.0003933626352415,3150,0.0,False,8,C,8C
1.8348910707703303,0.0549932080630277,0.0229209850709532,0.0010304414151031,3150,0.0,False,8,C,8C
2.6899173193037154,0.0849662144402536,0.0254542125149875,0.0012060304215127,3150,0.0,False,8,C,8C
1.5292166961363856,0.0466669784366904,0.0079782821922866,0.0003652088588588,3150,0.0,False,8,C,8C
1.1841896647013057,0.0367446600920019,0.006771162662885,0.0003151573745639,3150,0.0,False,8,C,8C
5.102514140772982,0.1590744286804332,0.0741471015714501,0.0034673812248372,3150,0.0,False,8,C,8C
1.8974651145514612,0.0602728025458399,0.0103594621945007,0.0004936010268714,3150,0.0,False,8,C,8C
2.7648442621771343,0.0811044278772757,0.0307009442994849,0.0013508803498073,3150,0.0,False,8,C,8C
1.3039444032717205,0.039945658647967,0.0143878002280264,0.0006611441659189,3150,0.0,False,8,C,8C
3.75916968684039,0.1094478937243311,0.0254370600429085,0.0011108966378858,3150,0.0,False,8,C,8C
1.2669693128853796,0.0377713613809855,0.0180538372493297,0.0008073415876643,3150,0.0,False,8,C,8C
1.1327169876735608,0.0330022092351544,0.0166589838353107,0.0007280502669609,3150,0.0,False,8,C,8C
1.6154481012845043,0.0547198974253946,0.0148177560244257,0.0007528803516681,3150,0.0,False,8,C,8C
2.0280816152762355,0.0627492710068576,0.0176237970883392,0.0008179259734935,3150,0.0,False,8,C,8C
1.1846627080190495,0.0363198005693663,0.0169012332386123,0.0007772458140796,3150,0.0,False,8,C,8C
3.2893952746521995,0.1053022335311959,0.038623921175473,0.0018546806454904,3150,0.0,False,8,C,8C
2.8498047617119098,0.0836689428142263,0.0237972056776679,0.0010480123416176,3150,0.0,False,8,C,8C
1.182312189477608,0.03687260378259,0.0136059847100816,0.0006364918941271,3150,0.0,False,8,C,8C
6.353445671384089,0.1902406400613436,0.0754493233964552,0.003388758238648,3150,0.0,False,8,C,8C
14.901055191127398,0.4522334362659294,0.1308070718496652,0.0059548130147536,3150,0.0,False,8,C,8C
1.849042738177295,0.0566063130273899,0.0170348632991977,0.0007822540694032,3150,0.0,False,8,C,8C
1.894938802808149,0.059431251004914,0.0179688018149807,0.0008453373554922,3150,0.0,False,8,C,8C
3.0610982778202325,0.0925227020442199,0.0208559194407011,0.0009455655348858,3150,0.0,False,8,C,8C
2.6882807437070317,0.0793863831280457,0.0226528056450626,0.0010034243886583,3150,0.0,False,8,C,8C
11.64888035891372,0.3403383148730952,0.1522443690527345,0.0066720479242466,3150,0.0,False,8,C,8C
1.0635388150592189,0.0335204207311497,0.008950086062089,0.0004231307491553,3150,0.0,False,8,C,8C
1.0481774869914646,0.0338158582804564,0.0081119102297667,0.0003925545197992,3150,0.0,False,8,C,8C
12.245334854832576,0.3623266026244258,0.1027393072947876,0.0045599223634235,3150,0.0,False,8,C,8C
1.479781171259638,0.0647134476130092,0.0220607222099254,0.0014471315949593,2500,0.0,False,8,C,8C
0.591667779397936,0.0254010525855289,0.0074831578102779,0.0004818922670711,2500,0.0,False,8,C,8C
0.6588838291314457,0.0277661580802865,0.0053268097176948,0.000336717265197,2500,0.0,False,8,C,8C
0.5151222720865477,0.0253937051189412,0.0059559964338567,0.0004404143210063,2500,0.0,False,8,C,8C
5.659723517175756,0.2669057487697633,0.0338385406155822,0.00239367726874,2500,0.0,False,8,C,8C
1.7129580913408924,0.0747299389343879,0.01529217662403,0.0010007104940843,2500,0.0,False,8,C,8C
1.2273988123890658,0.0517605857215153,0.0101605021326629,0.0006427171873186,2500,0.0,False,8,C,8C
1.023242072707553,0.0446547053526895,0.0087173056070044,0.0005706402088023,2500,0.0,False,8,C,8C
1.0378577491843777,0.0401177728897572,0.0133335870488838,0.0007731027938847,2500,0.0,False,8,C,8C
0.5820184742500359,0.0244395025411137,0.0076723267249078,0.0004832523110144,2500,0.0,False,8,C,8C
0.904046146746494,0.0389815659582012,0.0110387700846765,0.0007139710937906,2500,0.0,False,8,C,8C
4.832966072312508,0.2117508761925198,0.0366608110590197,0.0024093772067268,2500,0.0,False,8,C,8C
0.8156509665616255,0.0347432477224661,0.006714976143196,0.0004290439584292,2500,0.0,False,8,C,8C
0.8274431590969396,0.0387609054226446,0.0124097056828049,0.0008719839357044,2500,0.0,False,8,C,8C
1.18650866227076,0.0486928926227209,0.0072853908931893,0.0004484755582791,2500,0.0,False,8,C,8C
0.5370543190001766,0.02537680330075,0.0049202858718259,0.0003487388212012,2500,0.0,False,8,C,8C
2.3440404471618006,0.100395584981388,0.0126285491206491,0.0008113238263244,2500,0.0,False,8,C,8C
0.7476198090272448,0.0351542371950264,0.0093341414730636,0.0006583586056587,2500,0.0,False,8,C,8C
0.6276990263048321,0.026819129728499,0.0050019357244601,0.0003205697893406,2500,0.0,False,8,C,8C
4.191569076600859,0.2086398826595515,0.0319354128319985,0.0023844295528188,2500,0.0,False,8,C,8C
0.8189940036989838,0.0365547938664754,0.0071978758629215,0.0004819025547022,2500,0.0,False,8,C,8C
0.901267800099818,0.038761755348785,0.005035551570855,0.0003248537527037,2500,0.0,False,8,C,8C
1.28805009957666,0.0513184785319257,0.0136792102324023,0.0008175104254981,2500,0.0,False,8,C,8C
2.7730319571037714,0.1346071243515845,0.0313060892950131,0.0022794666919905,2500,0.0,False,8,C,8C
0.8577368823338386,0.0373396519175596,0.0090593337232658,0.000591566670617,2500,0.0,False,8,C,8C
1.9198185785897133,0.0907148256295242,0.0161077314491658,0.0011416782288655,2500,0.0,False,8,C,8C
0.7407041442049405,0.0328851059486068,0.0051834100523208,0.0003451924565548,2500,0.0,False,8,C,8C
1.7053376491220178,0.0712119102246652,0.0136277819470723,0.0008536084203698,2500,0.0,False,8,C,8C
6.145958490179753,0.253391349040577,0.089047179689493,0.0055069811387025,2500,0.0,False,8,C,8C
0.6462346526514218,0.0307457410597902,0.006602671303134,0.0004712004099969,2500,0.0,False,8,C,8C
1.101983626486133,0.051096451719614,0.0097490670149569,0.0006780627952197,2500,0.0,False,8,C,8C
2.3308478331963496,0.1042745321502788,0.0232219745746143,0.0015583131381766,2500,0.0,False,8,C,8C
0.6127645848167024,0.0256384373293333,0.0046737368447454,0.0002933279243536,2500,0.0,False,8,C,8C
0.4781583160833065,0.0240114104881554,0.0051662055682242,0.0003891427119189,2500,0.0,False,8,C,8C
1.3300906757517983,0.0574588104721344,0.0181987853144411,0.0011792585745492,2500,0.0,False,8,C,8C
1.415043582294321,0.0584210498261448,0.0173750497604433,0.0010760113615802,2500,0.0,False,8,C,8C
1.5580810153276514,0.0720844412467928,0.0091759869392742,0.0006367889906543,2500,0.0,False,8,C,8C
6.62255119299708,0.3003532486356393,0.0613409965277671,0.0041730068318258,2500,0.0,False,8,C,8C
0.674904535061311,0.0293327250127435,0.0089809812308357,0.0005854975906291,2500,0.0,False,8,C,8C
5.187903731952055,0.2240687858829007,0.0396001657728192,0.0025655336501796,2500,0.0,False,8,C,8C
0.6366903734959555,0.0367407211971824,0.0051284175193435,0.0004439090791329,1850,0.0,False,8,C,8C
0.997835315688467,0.0566254496617884,0.006324144780615,0.0005383266200818,1850,0.0,False,8,C,8C
0.363323237938832,0.0233655505186004,0.0019882876507646,0.000191802081583,1850,0.0,False,8,C,8C
0.3587613367823998,0.0214071684347858,0.0039181503220637,0.000350692070038,1850,0.0,False,8,C,8C
0.3078770144861913,0.0215913463715978,0.0023325299026623,0.0002453697029049,1850,0.0,False,8,C,8C
1.1570894394013316,0.0703290259889855,0.0144991785170234,0.0013219113423984,1850,0.0,False,8,C,8C
0.2967362010633474,0.0184970478824678,0.0024622736122602,0.000230228698466,1850,0.0,False,8,C,8C
0.2886441189186682,0.0177541658911263,0.002849250606528,0.0002628811637832,1850,0.0,False,8,C,8C
1.7463409904529477,0.1046772804837376,0.0108944379341279,0.0009795339010919,1850,0.0,False,8,C,8C
0.8331504135139394,0.068100600211559,0.0047374670223289,0.0005808513249288,1850,0.0,False,8,C,8C
0.3908116315817896,0.023422835404743,0.0042449033014031,0.0003816199287699,1850,0.0,False,8,C,8C
0.7593542257082518,0.0459734682875655,0.0071161213887411,0.0006462453949419,1850,0.0,False,8,C,8C
0.3458977036432523,0.0215897050284695,0.0033945549632479,0.0003178140802361,1850,0.0,False,8,C,8C
0.4574386563707201,0.027880400286721,0.0052940929244352,0.0004840040117927,1850,0.0,False,8,C,8C
0.3007654313116092,0.0225710211963348,0.002325387604427,0.000261763990032,1850,0.0,False,8,C,8C
0.5328634114339696,0.0299910656650178,0.0038458776625379,0.0003246853707024,1850,0.0,False,8,C,8C
0.3265226222643734,0.0221751484233851,0.003089720382273,0.0003147485199732,1850,0.0,False,8,C,8C
0.2859331980379435,0.0190681583883866,0.0018385716262332,0.0001839145046009,1850,0.0,False,8,C,8C
1.255218743898159,0.0693224538349631,0.0076034892666057,0.0006298812890954,1850,0.0,False,8,C,8C
0.6307371919942588,0.0441831161990269,0.0038526737709153,0.0004048194756656,1850,0.0,False,8,C,8C
0.4060803332298948,0.0263397117445978,0.0056187966469992,0.00054668056511,1850,0.0,False,8,C,8C
0.5802978422403955,0.0302488904645042,0.0030980813254128,0.0002422381642004,1850,0.0,False,8,C,8C
0.3564049898592753,0.0236968141935874,0.0051334843057946,0.0005119760969458,1850,0.0,False,8,C,8C
0.2608449759748898,0.0176693209638305,0.001615800123875,0.0001641784985245,1850,0.0,False,8,C,8C
1.5626261773756804,0.1119572504676846,0.0163859177906105,0.001760999203252,1850,0.0,False,8,C,8C
0.9977350555817142,0.0638833896305616,0.0140900677380544,0.0013532469599953,1850,0.0,False,8,C,8C
1.3012545341616526,0.0831679017419987,0.0145759591695306,0.0013974037071708,1850,0.0,False,8,C,8C
0.3621076652589424,0.025179006555464,0.004640286032151,0.0004839905515637,1850,0.0,False,8,C,8C
0.6745550502426242,0.0402371652155478,0.0056643537965988,0.0005068175076394,1850,0.0,False,8,C,8C
0.8298637719590349,0.0567285612022544,0.0068021075969595,0.0006974767247777,1850,0.0,False,8,C,8C
0.6243567044056031,0.0496541148053426,0.0049025804916874,0.0005848418689003,1850,0.0,False,8,C,8C
0.3804246586328146,0.02339131293151,0.0042518902299544,0.000392156341587,1850,0.0,False,8,C,8C
0.3617639196905142,0.0238432992452012,0.0019580581858395,0.0001935788703213,1850,0.0,False,8,C,8C
1.6199896852962523,0.1095511884718995,0.0202662127588507,0.0020557424350054,1850,0.0,False,8,C,8C
0.3585306574371662,0.0198608183243238,0.0022310987688959,0.0001853876916526,1850,0.0,False,8,C,8C
0.2953955088859024,0.0178634613020726,0.0014884806779488,0.0001350194037633,1850,0.0,False,8,C,8C
0.5690607717351714,0.0348196764485704,0.0072137616556615,0.0006620932050754,1850,0.0,False,8,C,8C
0.2469317570670133,0.0184821786934574,0.0022393150582725,0.0002514100750923,1850,0.0,False,8,C,8C
0.2930998391238564,0.0175707418086623,0.0036738908245689,0.0003303634725867,1850,0.0,False,8,C,8C
3.104489332417984,0.1906391641181556,0.026426124978132,0.0024341464105414,1850,0.0,False,8,C,8C
